-- --------------------------------------------------------
-- Host:                         127.0.0.1
-- Versión del servidor:         10.4.27-MariaDB - mariadb.org binary distribution
-- SO del servidor:              Win64
-- HeidiSQL Versión:             12.5.0.6677
-- --------------------------------------------------------

/*!40101 SET @OLD_CHARACTER_SET_CLIENT=@@CHARACTER_SET_CLIENT */;
/*!40101 SET NAMES utf8 */;
/*!50503 SET NAMES utf8mb4 */;
/*!40103 SET @OLD_TIME_ZONE=@@TIME_ZONE */;
/*!40103 SET TIME_ZONE='+00:00' */;
/*!40014 SET @OLD_FOREIGN_KEY_CHECKS=@@FOREIGN_KEY_CHECKS, FOREIGN_KEY_CHECKS=0 */;
/*!40101 SET @OLD_SQL_MODE=@@SQL_MODE, SQL_MODE='NO_AUTO_VALUE_ON_ZERO' */;
/*!40111 SET @OLD_SQL_NOTES=@@SQL_NOTES, SQL_NOTES=0 */;


-- Volcando estructura de base de datos para sis_venta
CREATE DATABASE IF NOT EXISTS `sis_venta` /*!40100 DEFAULT CHARACTER SET utf8mb4 COLLATE utf8mb4_general_ci */;
USE `sis_venta`;

-- Volcando estructura para tabla sis_venta.categorias
CREATE TABLE IF NOT EXISTS `categorias` (
  `id` int(11) NOT NULL AUTO_INCREMENT,
  `categoria` varchar(50) NOT NULL,
  PRIMARY KEY (`id`)
) ENGINE=InnoDB AUTO_INCREMENT=10 DEFAULT CHARSET=utf8mb4 COLLATE=utf8mb4_general_ci;

-- Volcando datos para la tabla sis_venta.categorias: ~4 rows (aproximadamente)
INSERT INTO `categorias` (`id`, `categoria`) VALUES
	(1, 'componentes'),
	(2, 'monitores'),
	(3, 'perifericos'),
	(4, 'laptops');

-- Volcando estructura para tabla sis_venta.cliente
CREATE TABLE IF NOT EXISTS `cliente` (
  `idcliente` int(11) NOT NULL AUTO_INCREMENT,
  `nombre` varchar(100) NOT NULL,
  `telefono` varchar(15) NOT NULL,
  `direccion` varchar(200) NOT NULL,
  `correo` varchar(200) NOT NULL,
  `contraseña` varchar(8) NOT NULL,
  `usuario_id` int(11) NOT NULL,
  `estado` int(11) NOT NULL DEFAULT 1,
  PRIMARY KEY (`idcliente`)
) ENGINE=InnoDB AUTO_INCREMENT=313 DEFAULT CHARSET=utf8 COLLATE=utf8_spanish_ci;

-- Volcando datos para la tabla sis_venta.cliente: ~311 rows (aproximadamente)
INSERT INTO `cliente` (`idcliente`, `nombre`, `telefono`, `direccion`, `correo`, `contraseña`, `usuario_id`, `estado`) VALUES
	(1, 'Sebastian Condori', '8296826298', 'Tacna - Pocollay', 'sebas_condori@hotmail.com', '12345678', 3, 1),
	(2, 'Angel Flores', '2147483647', 'Lima - Huari', 'angel_flores@hotmail.com', '87654321', 4, 1),
	(3, 'Alonso Gonzalez', '987567457', 'Lima - Surco', 'alonso_g@outlook,com', '45678989', 3, 1),
	(4, 'Juan Perez', '996152888', 'Tacna - Pocollay', 'juanp@hotmail.com', '12345678', 3, 1),
	(5, 'Maria Lopez', '987654321', 'Lima - Miraflores', 'maria_lopez@gmail.com', '87654321', 3, 1),
	(6, 'Carlos Rodriguez', '955555555', 'Arequipa - Yanahuara', 'carlos_r@hotmail.com', '13579246', 3, 1),
	(7, 'Ana Gomez', '944444444', 'Cusco - San Blas', 'ana123@gmail.com', '24681357', 3, 1),
	(8, 'Pedro Morales', '933333333', 'Trujillo - El Porvenir', 'pedro_m@hotmail.com', '78945612', 3, 1),
	(9, 'Luisa Fernandez', '922222222', 'Lima - San Isidro', 'luisa123@gmail.com', '65432187', 3, 1),
	(10, 'Javier Ramirez', '911111111', 'Tacna - Ciudad Nueva', 'javier.r@hotmail.com', '98765432', 3, 1),
	(11, 'Fernanda Torres', '900000000', 'Arequipa - Miraflores', 'fernanda_t@gmail.com', '87654321', 3, 1),
	(12, 'Raul Chavez', '988888888', 'Lima - Magdalena', 'raul.c@hotmail.com', '54321678', 3, 1),
	(13, 'Sofia Perez', '977777777', 'Cusco - Santiago', 'sofia.p@gmail.com', '13579246', 3, 1),
	(14, 'Martin Silva', '966666666', 'Trujillo - Centro', 'martin.s@hotmail.com', '98765432', 3, 1),
	(15, 'Valeria Lopez', '955555555', 'Lima - Surquillo', 'valeria.l@gmail.com', '87654321', 3, 1),
	(16, 'Andres Garcia', '944444444', 'Tacna - Alto de la Alianza', 'andres.g@hotmail.com', '12345678', 3, 1),
	(17, 'Lucia Martinez', '933333333', 'Lima - San Borja', 'lucia.m@gmail.com', '98765432', 3, 1),
	(18, 'Diego Torres', '922222222', 'Cusco - San Jerónimo', 'diego.t@hotmail.com', '24681357', 3, 1),
	(19, 'Mariana Sanchez', '911111111', 'Trujillo - Huanchaco', 'mariana.s@gmail.com', '12345678', 3, 1),
	(20, 'Felipe Ramirez', '900000000', 'Arequipa - Cayma', 'felipe.r@hotmail.com', '87654321', 3, 1),
	(21, 'Camila Perez', '988888888', 'Lima - Los Olivos', 'camila.p@gmail.com', '24681357', 3, 1),
	(22, 'Juan Carlos Gomez', '977777777', 'Cusco - Santiago', 'juancarlos.g@hotmail.com', '13579246', 3, 1),
	(23, 'Laura Martinez', '966666666', 'Trujillo - La Esperanza', 'laura.m@gmail.com', '12345678', 3, 1),
	(24, 'Pablo Rodriguez', '955555555', 'Lima - Los Olivos', 'pablo.r@hotmail.com', '87654321', 3, 1),
	(25, 'Carolina Flores', '944444444', 'Tacna - Ciudad Nueva', 'carolina.f@gmail.com', '13579246', 3, 1),
	(26, 'Gabriel Gonzalez', '933333333', 'Lima - San Juan de Lurigancho', 'gabriel.g@hotmail.com', '98765432', 3, 1),
	(27, 'Isabella Ramirez', '922222222', 'Cusco - Santiago', 'isabella.r@gmail.com', '24681357', 3, 1),
	(28, 'Lucas Fernandez', '911111111', 'Trujillo - El Porvenir', 'lucas.f@hotmail.com', '12345678', 3, 1),
	(29, 'Ricardo Lopez', '996157896', 'Tacna - Tacna', 'ricardo_p@gmail.com', '12345678', 1, 1),
	(31, 'Diego Lopez', '900000000', 'Arequipa - Paucarpata', 'diego.l@gmail.com', '13579246', 3, 1),
	(32, 'Sofia Torres', '988888888', 'Lima - San Borja', 'sofia.t@hotmail.com', '12345678', 3, 1),
	(33, 'Benjamin Garcia', '977777777', 'Tacna - Pocollay', 'benjamin.g@gmail.com', '24681357', 3, 1),
	(34, 'Isabella Martinez', '966666666', 'Lima - Magdalena', 'isabella.m@hotmail.com', '87654321', 3, 1),
	(35, 'Luciano Rodriguez', '955555555', 'Arequipa - Miraflores', 'luciano.r@gmail.com', '13579246', 3, 1),
	(36, 'Valentina Gomez', '944444444', 'Trujillo - Centro', 'valentina.g@hotmail.com', '12345678', 3, 1),
	(37, 'Lucas Fernandez', '933333333', 'Lima - San Isidro', 'lucas.f@gmail.com', '24681357', 3, 1),
	(38, 'Gabriel Gonzalez', '922222222', 'Tacna - Alto de la Alianza', 'gabriel.g@hotmail.com', '87654321', 3, 1),
	(39, 'Isabella Ramirez', '911111111', 'Lima - San Juan de Lurigancho', 'isabella.r@gmail.com', '13579246', 3, 1),
	(40, 'Laura Martinez', '900000000', 'Arequipa - Cayma', 'laura.m@hotmail.com', '12345678', 3, 1),
	(41, 'Pablo Rodriguez', '988888888', 'Lima - Los Olivos', 'pablo.r@gmail.com', '24681357', 3, 1),
	(42, 'Carolina Flores', '977777777', 'Cusco - Santiago', 'carolina.f@hotmail.com', '87654321', 3, 1),
	(43, 'Gonzalo Perez', '966666666', 'Trujillo - Huanchaco', 'gonzalo.p@gmail.com', '13579246', 3, 1),
	(44, 'Valeria Lopez', '955555555', 'Lima - Los Olivos', 'valeria.l@hotmail.com', '12345678', 3, 1),
	(45, 'Andres Ramirez', '944444444', 'Tacna - Ciudad Nueva', 'andres.r@gmail.com', '24681357', 3, 1),
	(46, 'Mariana Fernandez', '933333333', 'Lima - Surquillo', 'mariana.f@hotmail.com', '87654321', 3, 1),
	(47, 'Felipe Torres', '922222222', 'Cusco - San Jerónimo', 'felipe.t@gmail.com', '13579246', 3, 1),
	(48, 'Camila Perez', '911111111', 'Trujillo - La Esperanza', 'camila.p@hotmail.com', '12345678', 3, 1),
	(49, 'Juan Carlos Gomez', '900000000', 'Arequipa - Tiabaya', 'juancarlos.g@gmail.com', '24681357', 3, 1),
	(50, 'Laura Martinez', '988888888', 'Lima - San Isidro', 'laura.m@hotmail.com', '87654321', 3, 1),
	(51, 'Pablo Rodriguez', '977777777', 'Tacna - Alto de la Alianza', 'pablo.r@gmail.com', '13579246', 3, 1),
	(52, 'Carolina Flores', '966666666', 'Lima - San Juan de Lurigancho', 'carolina.f@hotmail.com', '12345678', 3, 1),
	(53, 'Gonzalo Perez', '955555555', 'Arequipa - Paucarpata', 'gonzalo.p@gmail.com', '24681357', 3, 1),
	(54, 'Valeria Lopez', '944444444', 'Lima - Magdalena', 'valeria.l@hotmail.com', '87654321', 3, 1),
	(55, 'Andres Ramirez', '933333333', 'Trujillo - El Porvenir', 'andres.r@gmail.com', '13579246', 3, 1),
	(56, 'Mariana Fernandez', '922222222', 'Lima - Surquillo', 'mariana.f@hotmail.com', '12345678', 3, 1),
	(57, 'Felipe Torres', '911111111', 'Cusco - San Blas', 'felipe.t@gmail.com', '24681357', 3, 1),
	(58, 'Camila Perez', '900000000', 'Trujillo - Centro', 'camila.p@hotmail.com', '87654321', 3, 1),
	(59, 'Juan Carlos Gomez', '988888888', 'Arequipa - Yanahuara', 'juancarlos.g@gmail.com', '13579246', 3, 1),
	(60, 'Laura Martinez', '977777777', 'Lima - San Borja', 'laura.m@hotmail.com', '12345678', 3, 1),
	(61, 'Pablo Rodriguez', '966666666', 'Tacna - Pocollay', 'pablo.r@gmail.com', '24681357', 3, 1),
	(62, 'Carolina Flores', '955555555', 'Lima - Miraflores', 'carolina.f@hotmail.com', '87654321', 3, 1),
	(63, 'Gonzalo Perez', '944444444', 'Arequipa - Miraflores', 'gonzalo.p@gmail.com', '13579246', 3, 1),
	(64, 'Valeria Lopez', '933333333', 'Trujillo - El Porvenir', 'valeria.l@hotmail.com', '12345678', 3, 1),
	(65, 'Andres Ramirez', '922222222', 'Lima - San Isidro', 'andres.r@gmail.com', '24681357', 3, 1),
	(66, 'Mariana Fernandez', '911111111', 'Cusco - Santiago', 'mariana.f@gmail.com', '13579246', 3, 1),
	(67, 'Felipe Torres', '900000000', 'Trujillo - Huanchaco', 'felipe.t@hotmail.com', '12345678', 3, 1),
	(68, 'Camila Perez', '988888888', 'Lima - Los Olivos', 'camila.p@gmail.com', '24681357', 3, 1),
	(69, 'Juan Carlos Gomez', '977777777', 'Tacna - Ciudad Nueva', 'juancarlos.g@hotmail.com', '87654321', 3, 1),
	(70, 'Laura Martinez', '966666666', 'Arequipa - Tiabaya', 'laura.m@gmail.com', '13579246', 3, 1),
	(71, 'Pablo Rodriguez', '955555555', 'Trujillo - Centro', 'pablo.r@hotmail.com', '12345678', 3, 1),
	(72, 'Carolina Flores', '944444444', 'Lima - Surquillo', 'carolina.f@gmail.com', '24681357', 3, 1),
	(73, 'Gonzalo Perez', '933333333', 'Arequipa - Cayma', 'gonzalo.p@hotmail.com', '87654321', 3, 1),
	(74, 'Valeria Lopez', '922222222', 'Lima - San Juan de Lurigancho', 'valeria.l@gmail.com', '13579246', 3, 1),
	(75, 'Andres Ramirez', '911111111', 'Cusco - San Jerónimo', 'andres.r@hotmail.com', '12345678', 3, 1),
	(76, 'Mariana Fernandez', '900000000', 'Trujillo - La Esperanza', 'mariana.f@gmail.com', '24681357', 3, 1),
	(77, 'Felipe Torres', '988888888', 'Lima - San Borja', 'felipe.t@hotmail.com', '13579246', 3, 1),
	(78, 'Camila Perez', '977777777', 'Tacna - Pocollay', 'camila.p@gmail.com', '12345678', 3, 1),
	(79, 'Juan Carlos Gomez', '966666666', 'Lima - Miraflores', 'juancarlos.g@hotmail.com', '24681357', 3, 1),
	(80, 'Laura Martinez', '955555555', 'Arequipa - Miraflores', 'laura.m@gmail.com', '13579246', 3, 1),
	(81, 'Pablo Rodriguez', '944444444', 'Cusco - Santiago', 'pablo.r@hotmail.com', '12345678', 3, 1),
	(82, 'Carolina Flores', '933333333', 'Arequipa - Paucarpata', 'carolina.f@gmail.com', '24681357', 3, 1),
	(83, 'Gonzalo Perez', '922222222', 'Trujillo - Huanchaco', 'gonzalo.p@hotmail.com', '13579246', 3, 1),
	(84, 'Valeria Lopez', '911111111', 'Lima - Los Olivos', 'valeria.l@gmail.com', '12345678', 3, 1),
	(85, 'Andres Ramirez', '900000000', 'Trujillo - Centro', 'andres.r@hotmail.com', '24681357', 3, 1),
	(86, 'Mariana Fernandez', '988888888', 'Lima - San Isidro', 'mariana.f@gmail.com', '13579246', 3, 1),
	(87, 'Felipe Torres', '977777777', 'Tacna - Alto de la Alianza', 'felipe.t@hotmail.com', '12345678', 3, 1),
	(88, 'Camila Perez', '966666666', 'Lima - San Juan de Lurigancho', 'camila.p@gmail.com', '24681357', 3, 1),
	(89, 'Juan Carlos Gomez', '955555555', 'Arequipa - Tiabaya', 'juancarlos.g@hotmail.com', '13579246', 3, 1),
	(90, 'Laura Martinez', '944444444', 'Trujillo - Centro', 'laura.m@gmail.com', '12345678', 3, 1),
	(91, 'Pablo Rodriguez', '933333333', 'Arequipa - Cayma', 'pablo.r@hotmail.com', '24681357', 3, 1),
	(92, 'Carolina Flores', '922222222', 'Lima - Los Olivos', 'carolina.f@gmail.com', '13579246', 3, 1),
	(93, 'Gonzalo Perez', '911111111', 'Tacna - Ciudad Nueva', 'gonzalo.p@hotmail.com', '12345678', 3, 1),
	(94, 'Valeria Lopez', '900000000', 'Lima - San Borja', 'valeria.l@gmail.com', '24681357', 3, 1),
	(95, 'Andres Ramirez', '988888888', 'Cusco - Santiago', 'andres.r@hotmail.com', '13579246', 3, 1),
	(96, 'Mariana Fernandez', '977777777', 'Trujillo - Huanchaco', 'mariana.f@gmail.com', '12345678', 3, 1),
	(97, 'Felipe Torres', '966666666', 'Lima - San Juan de Lurigancho', 'felipe.t@hotmail.com', '24681357', 3, 1),
	(98, 'Camila Perez', '955555555', 'Arequipa - Paucarpata', 'camila.p@gmail.com', '13579246', 3, 1),
	(99, 'Juan Carlos Gomez', '944444444', 'Trujillo - Centro', 'juancarlos.g@hotmail.com', '12345678', 3, 1),
	(100, 'Laura Martinez', '933333333', 'Lima - Surquillo', 'laura.m@gmail.com', '24681357', 3, 1),
	(101, 'Pablo Rodriguez', '922222222', 'Arequipa - Miraflores', 'pablo.r@hotmail.com', '13579246', 3, 1),
	(102, 'Carolina Flores', '911111111', 'Trujillo - El Porvenir', 'carolina.f@gmail.com', '12345678', 3, 1),
	(103, 'Gonzalo Perez', '900000000', 'Lima - San Isidro', 'gonzalo.p@hotmail.com', '24681357', 3, 1),
	(104, 'Valeria Lopez', '988888888', 'Arequipa - Tiabaya', 'valeria.l@gmail.com', '13579246', 3, 1),
	(105, 'Andres Ramirez', '977777777', 'Trujillo - Centro', 'andres.r@hotmail.com', '12345678', 3, 1),
	(106, 'Elinore', '965-291-8244', '3084 Morningstar Trail', 'ekilminster0@biblegateway.com', '12345678', 3, 1),
	(107, 'Salome', '143-805-1853', '2052 Gina Court', 'smccurt1@howstuffworks.com', '12345678', 3, 1),
	(108, 'Dianemarie', '191-445-9252', '7 Delladonna Plaza', 'dsheryne2@1688.com', '12345678', 3, 1),
	(109, 'Farah', '643-465-0157', '9344 Pleasure Terrace', 'fsherr3@adobe.com', '12345678', 3, 1),
	(110, 'Donnell', '551-565-9827', '51 Westend Circle', 'dbroggelli4@economist.com', '12345678', 3, 1),
	(111, 'Valeda Littleover', '479-607-4018', '4 Thackeray Terrace', 'vlittleover0@diigo.com', '84578861', 3, 1),
	(112, 'Ernesta Dable', '333-851-8833', '7295 Summer Ridge Pass', 'edable0@godaddy.com', '99617251', 4, 1),
	(113, 'Christian Storek', '424-627-4269', '9 8th Pass', 'cstorek0@hc360.com', '74168951', 3, 1),
	(114, 'Gustie Durbann', '698-590-3727', '54 Havey Place', 'gdurbann1@instagram.com', '70182754', 4, 1),
	(115, 'Gwenora Hempshall', '488-856-5550', '9 Towne Center', 'ghempshall2@cocolog-nifty.com', '88479342', 4, 1),
	(116, 'Tessa Eggins', '877-255-5623', '3959 Florence Avenue', 'teggins3@ifeng.com', '12201629', 4, 1),
	(117, 'Pierre Flaxman', '932-557-3678', '5 Mosinee Alley', 'pflaxman4@businesswire.com', '40825363', 4, 1),
	(118, 'Lebbie Hilldrup', '401-951-1898', '4718 Bartelt Drive', 'lhilldrup5@huffingtonpost.com', '38033954', 3, 1),
	(119, 'Julissa Maseyk', '438-415-5126', '95 Prentice Crossing', 'jmaseyk6@go.com', '82969157', 4, 1),
	(120, 'Kenny Dormon', '182-129-5894', '0 Troy Crossing', 'kdormon7@blogs.com', '94498530', 4, 1),
	(121, 'Roxi Bonnor', '293-316-8504', '816 Gulseth Drive', 'rbonnor8@netlog.com', '57668007', 3, 1),
	(122, 'Tonie Enstone', '672-309-5842', '0 Veith Terrace', 'tenstone9@princeton.edu', '88134319', 3, 1),
	(123, 'Leroi Groves', '222-313-0267', '97023 Dawn Court', 'lgrovesa@google.es', '33687600', 4, 1),
	(124, 'Siusan Gautrey', '410-356-6591', '18 Carberry Point', 'sgautreyb@illinois.edu', '50066378', 4, 1),
	(125, 'Ema Priscott', '501-851-5924', '207 Lerdahl Park', 'epriscottc@sogou.com', '67415507', 4, 1),
	(126, 'Elisabetta Sharman', '967-699-2121', '3033 Nobel Junction', 'esharmand@ibm.com', '61262623', 3, 1),
	(127, 'Neysa Salzberg', '681-590-0517', '20 Clyde Gallagher Road', 'nsalzberge@xrea.com', '67012740', 3, 1),
	(128, 'Bradly Daniello', '944-999-9339', '8919 Bluejay Avenue', 'bdaniellof@ucsd.edu', '34889713', 3, 1),
	(129, 'Aloise Sidaway', '132-353-2812', '674 Warner Trail', 'asidawayg@i2i.jp', '44522766', 3, 1),
	(130, 'Wallis Fay', '463-272-6684', '07373 Summit Way', 'wfayh@ezinearticles.com', '94953564', 3, 1),
	(131, 'Hyacinthe Kesten', '474-958-6591', '0 High Crossing Trail', 'hkesteni@go.com', '46878850', 3, 1),
	(132, 'Julita Vasilyev', '735-290-1454', '0 Columbus Point', 'jvasilyevj@netlog.com', '85949554', 3, 1),
	(133, 'Husain Duesberry', '661-744-3719', '3 Drewry Parkway', 'hduesberryk@nbcnews.com', '27220149', 4, 1),
	(134, 'Jedediah Spaduzza', '388-759-4435', '7 Waywood Trail', 'jspaduzzal@deliciousdays.com', '67369575', 4, 1),
	(135, 'Marcos Bloxam', '309-256-9251', '9 Messerschmidt Park', 'mbloxamm@epa.gov', '27265640', 3, 1),
	(136, 'Max Leftwich', '760-165-5910', '28722 3rd Road', 'mleftwichn@freewebs.com', '96583078', 3, 1),
	(137, 'Sinclair Gelder', '611-699-3929', '51 Petterle Drive', 'sgeldero@networkadvertising.org', '11543390', 4, 1),
	(138, 'Carlotta Karp', '119-936-6879', '8155 Stang Parkway', 'ckarpp@huffingtonpost.com', '80170304', 4, 1),
	(139, 'Carver Hansill', '227-363-8920', '6065 Forest Dale Hill', 'chansillq@youtube.com', '10392022', 4, 1),
	(140, 'Becca Woodroff', '915-577-3796', '90037 Fairview Hill', 'bwoodroffr@ucsd.edu', '45861821', 3, 1),
	(141, 'Feodor Klemz', '598-142-9284', '6089 Mcbride Avenue', 'fklemzs@com.com', '40959791', 4, 1),
	(142, 'Mario Yirrell', '917-260-6836', '334 Duke Terrace', 'myirrellt@admin.ch', '91343205', 3, 1),
	(143, 'Jenine Koschke', '786-390-2179', '99 6th Drive', 'jkoschkeu@ftc.gov', '38192191', 3, 1),
	(144, 'Norrie Pim', '469-365-2978', '5054 Fremont Point', 'npimv@sciencedaily.com', '85229845', 3, 1),
	(145, 'Tomas Meert', '723-478-6005', '4218 Starling Street', 'tmeertw@indiegogo.com', '66865953', 4, 1),
	(146, 'Dodi Chastang', '763-189-5906', '3011 Grover Lane', 'dchastangx@timesonline.co.uk', '43254507', 4, 1),
	(147, 'Hendrik Capon', '664-851-5096', '479 Utah Plaza', 'hcapony@dailymotion.com', '73220966', 4, 1),
	(148, 'Rheba Leadstone', '128-433-2522', '237 Artisan Point', 'rleadstonez@sphinn.com', '55340844', 3, 1),
	(149, 'Brittney Caberas', '256-389-2196', '80 Green Ridge Center', 'bcaberas10@clickbank.net', '84329972', 4, 1),
	(150, 'Gearalt de Leon', '421-143-4159', '588 Karstens Place', 'gde11@vistaprint.com', '50699310', 4, 1),
	(151, 'Perla Hazelgrove', '618-477-9115', '83 Gulseth Alley', 'phazelgrove12@wikipedia.org', '83801346', 4, 1),
	(152, 'Hadlee Beardow', '156-604-6862', '14 Dapin Lane', 'hbeardow13@addthis.com', '57773770', 3, 1),
	(153, 'Carie Habden', '635-676-9208', '0 Division Point', 'chabden14@slate.com', '58096872', 4, 1),
	(154, 'Johny Edison', '256-717-8071', '848 Anderson Alley', 'jedison15@bandcamp.com', '97450563', 4, 1),
	(155, 'Johny Ayscough', '152-211-7912', '25495 Forster Circle', 'jayscough16@example.com', '35338103', 4, 1),
	(156, 'Chrystel Domenico', '140-610-9553', '8 Dixon Junction', 'cdomenico17@ucsd.edu', '72674950', 3, 1),
	(157, 'Greggory Dzeniskevich', '569-784-1110', '33973 Hanover Lane', 'gdzeniskevich18@twitter.com', '13699316', 3, 1),
	(158, 'Cornall Vallentin', '467-474-2574', '574 Dexter Pass', 'cvallentin19@biglobe.ne.jp', '84689945', 4, 1),
	(159, 'Ivy Bonallack', '838-863-7835', '1 Center Lane', 'ibonallack1a@webs.com', '45837307', 4, 1),
	(160, 'Dorice Reace', '896-112-1555', '38229 Kropf Hill', 'dreace1b@craigslist.org', '49210969', 4, 1),
	(161, 'Frederich Baldwin', '852-137-4939', '62377 Jay Street', 'fbaldwin1c@ning.com', '71324335', 4, 1),
	(162, 'Elvis Dutton', '260-205-2013', '85 Cardinal Park', 'edutton1d@reverbnation.com', '69767438', 4, 1),
	(163, 'Norris Macari', '934-581-6127', '83919 Roth Circle', 'nmacari1e@blinklist.com', '23992217', 3, 1),
	(164, 'Basilio Petry', '552-707-2371', '72064 Maple Wood Park', 'bpetry1f@wix.com', '97325948', 4, 1),
	(165, 'Anjela Deshon', '501-862-2432', '1394 Ridge Oak Parkway', 'adeshon1g@ftc.gov', '38320220', 4, 1),
	(166, 'Parry Klee', '107-680-7919', '89 Chive Park', 'pklee1h@usnews.com', '99903297', 4, 1),
	(167, 'Pierce Fihelly', '631-594-0971', '0 Washington Road', 'pfihelly1i@sphinn.com', '60613789', 3, 1),
	(168, 'Andriette Barthel', '540-803-1210', '8 Vera Plaza', 'abarthel1j@trellian.com', '90246943', 3, 1),
	(169, 'Roana Passingham', '248-677-9749', '2 Dwight Place', 'rpassingham1k@opera.com', '81509720', 3, 1),
	(170, 'Haily Proven', '938-640-8251', '05 Riverside Alley', 'hproven1l@ftc.gov', '44510315', 4, 1),
	(171, 'Ches Shevlin', '803-561-4766', '1 Dennis Terrace', 'cshevlin1m@opera.com', '75254508', 3, 1),
	(172, 'Averil Shearstone', '466-839-4018', '999 Warbler Court', 'ashearstone1n@stumbleupon.com', '59417244', 4, 1),
	(173, 'Major Pether', '205-535-3431', '469 Northport Park', 'mpether1o@squarespace.com', '27677950', 3, 1),
	(174, 'Christiano Roseburgh', '585-382-9211', '04 Quincy Lane', 'croseburgh1p@jalbum.net', '30617465', 3, 1),
	(175, 'Damian Warbys', '810-747-8037', '3387 East Street', 'dwarbys1q@addthis.com', '23531828', 3, 1),
	(176, 'Alysa Menchenton', '354-521-5966', '74243 Blue Bill Park Court', 'amenchenton1r@dailymotion.com', '87697980', 3, 1),
	(177, 'Bertrand Stronach', '547-522-5548', '499 Toban Street', 'bstronach1s@nydailynews.com', '69633801', 4, 1),
	(178, 'Burlie Consterdine', '222-558-3078', '2 Anthes Park', 'bconsterdine1t@unblog.fr', '24740527', 4, 1),
	(179, 'Billi Rodnight', '525-562-6761', '5332 Johnson Place', 'brodnight1u@army.mil', '45858299', 3, 1),
	(180, 'Dorothee Phillipson', '496-225-3106', '9 Manley Point', 'dphillipson1v@indiatimes.com', '11581671', 3, 1),
	(181, 'Benita Bread', '795-406-6409', '1 Veith Street', 'bbread1w@columbia.edu', '44787946', 4, 1),
	(182, 'Ray Klich', '618-497-8883', '1 Bluestem Street', 'rklich1x@omniture.com', '91629599', 4, 1),
	(183, 'Marlane Coulston', '245-634-9946', '94 Anhalt Terrace', 'mcoulston1y@ebay.co.uk', '78555450', 4, 1),
	(184, 'Virgilio Arlott', '882-263-6073', '44 Kingsford Drive', 'varlott1z@marriott.com', '37060133', 4, 1),
	(185, 'Abbey Allridge', '394-817-0323', '91 Nova Trail', 'aallridge20@cnn.com', '96550718', 4, 1),
	(186, 'Thibaut Andreichik', '351-270-7052', '4 Melrose Junction', 'tandreichik21@163.com', '32892916', 3, 1),
	(187, 'Kinna Aberchirder', '236-272-0501', '133 Shoshone Place', 'kaberchirder22@nba.com', '63088316', 4, 1),
	(188, 'Esther Shemilt', '991-509-6643', '874 Mitchell Alley', 'eshemilt23@facebook.com', '16567003', 3, 1),
	(189, 'Cassaundra Ragsdall', '973-520-0511', '536 Green Ridge Hill', 'cragsdall24@over-blog.com', '18279240', 3, 1),
	(190, 'Ogdon Georgiev', '840-811-6365', '6104 Eggendart Alley', 'ogeorgiev25@whitehouse.gov', '96799939', 4, 1),
	(191, 'Tamas Duckers', '146-262-2066', '6 Commercial Pass', 'tduckers26@ted.com', '20381070', 3, 1),
	(192, 'Lennard Kall', '579-395-9883', '6655 8th Center', 'lkall27@chronoengine.com', '35422903', 4, 1),
	(193, 'Drucie McColm', '724-264-5883', '28 Magdeline Way', 'dmccolm28@fastcompany.com', '14857590', 3, 1),
	(194, 'Robinson Fetter', '898-191-8009', '59643 Forster Road', 'rfetter29@cpanel.net', '15423259', 3, 1),
	(195, 'Dre Mudge', '183-340-1788', '7 John Wall Crossing', 'dmudge2a@samsung.com', '28754216', 4, 1),
	(196, 'Gipsy Felgat', '618-570-0257', '69 Maywood Way', 'gfelgat2b@vimeo.com', '57054247', 3, 1),
	(197, 'Ynez Pilmoor', '334-472-3148', '6939 Onsgard Plaza', 'ypilmoor2c@virginia.edu', '94080846', 3, 1),
	(198, 'Anastassia Pettyfar', '605-843-5734', '604 Pierstorff Circle', 'apettyfar2d@skyrock.com', '90427633', 4, 1),
	(199, 'Deanne Ellingworth', '916-439-3843', '86040 Mifflin Lane', 'dellingworth2e@yelp.com', '19418510', 4, 1),
	(200, 'Ofilia Upex', '553-462-0737', '1 Hansons Road', 'oupex2f@sciencedaily.com', '77005230', 3, 1),
	(201, 'Hunt Aldcorn', '133-622-9905', '14173 Reinke Crossing', 'haldcorn2g@sciencedirect.com', '90138941', 4, 1),
	(202, 'Mac Bowhey', '772-138-3685', '5 Starling Way', 'mbowhey2h@nba.com', '33739356', 4, 1),
	(203, 'Raoul Oneile', '202-619-5288', '4035 Utah Center', 'roneile2i@mapquest.com', '54439717', 4, 1),
	(204, 'Olive Stubbings', '444-722-1521', '0 Northfield Junction', 'ostubbings2j@wordpress.com', '83539419', 3, 1),
	(205, 'Gawen Clue', '551-799-7777', '6623 Welch Lane', 'gclue2k@livejournal.com', '90987376', 3, 1),
	(206, 'Levon Antoons', '890-875-4809', '97234 Pankratz Crossing', 'lantoons2l@foxnews.com', '69505323', 4, 1),
	(207, 'Prent Pashenkov', '731-959-7993', '103 Loomis Park', 'ppashenkov2m@tuttocitta.it', '63175910', 3, 1),
	(208, 'Goldina Doward', '202-760-0899', '57 Crescent Oaks Point', 'gdoward2n@kickstarter.com', '22619606', 3, 1),
	(209, 'Karlie Wackley', '818-850-3991', '73849 Northfield Avenue', 'kwackley2o@opera.com', '66626952', 4, 1),
	(210, 'Gaspard Fink', '907-612-7511', '3655 Amoth Plaza', 'gfink2p@angelfire.com', '63321037', 3, 1),
	(211, 'Toiboid Gambles', '124-183-8549', '92447 Marquette Trail', 'tgambles2q@uol.com.br', '87299895', 3, 1),
	(212, 'Emmott Di Roberto', '166-646-1544', '84 Donald Pass', 'edi2r@tmall.com', '44795788', 3, 1),
	(213, 'Risa Mossop', '9187499686', '449 Comanche Point', 'rmossop0@slideshare.net', '30148797', 4, 1),
	(214, 'Ebonee Batie', '9703418053', '59856 Novick Hill', 'ebatie1@ft.com', '30220305', 4, 1),
	(215, 'Lazar Shemelt', '5447729286', '92 Continental Point', 'lshemelt2@admin.ch', '41830954', 3, 1),
	(216, 'Erminie Grimsdith', '5638162254', '280 Vernon Plaza', 'egrimsdith3@phoca.cz', '38051766', 4, 1),
	(217, 'Tracie Alyutin', '8128183919', '8758 Duke Terrace', 'talyutin4@twitter.com', '15260812', 3, 1),
	(218, 'Merrily Midson', '2303289596', '6593 Red Cloud Plaza', 'mmidson5@nasa.gov', '54233359', 3, 1),
	(219, 'Goldi Rauprich', '5422453303', '84118 Westport Terrace', 'grauprich6@drupal.org', '63172033', 4, 1),
	(220, 'Rosette Pounder', '1676526989', '24 Barnett Avenue', 'rpounder7@webeden.co.uk', '98156585', 4, 1),
	(221, 'Josh Golds', '8547814938', '2 Twin Pines Point', 'jgolds8@google.com.hk', '24920924', 3, 1),
	(222, 'Andie Negri', '4225493214', '9 Hooker Drive', 'anegri9@histats.com', '44386213', 4, 1),
	(223, 'Allard Sprague', '3184781775', '49 Del Sol Alley', 'aspraguea@g.co', '99203371', 4, 1),
	(224, 'Keelia Gerred', '1415983398', '8020 Dunning Parkway', 'kgerredb@cmu.edu', '23202207', 3, 1),
	(225, 'Annadiana Cherrison', '2846950416', '3889 Dahle Alley', 'acherrisonc@admin.ch', '78806794', 3, 1),
	(226, 'Pauline Godsell', '9186033635', '565 Karstens Terrace', 'pgodselld@dion.ne.jp', '46133382', 3, 1),
	(227, 'Yoko Symcock', '2216087967', '82982 Bluejay Way', 'ysymcocke@phpbb.com', '59470494', 4, 1),
	(228, 'Archie Withinshaw', '3286758798', '0 Artisan Court', 'awithinshawf@zdnet.com', '80287573', 4, 1),
	(229, 'Jillana Kaley', '4623197787', '37 Dorton Place', 'jkaleyg@gmpg.org', '62491469', 4, 1),
	(230, 'Pam Hymans', '1402242208', '58602 Mayer Alley', 'phymansh@ebay.co.uk', '10761056', 4, 1),
	(231, 'Harrietta Bartozzi', '7968229063', '69 Hayes Center', 'hbartozzii@abc.net.au', '63377276', 3, 1),
	(232, 'Joyan Riggs', '8966792665', '29 Johnson Trail', 'jriggsj@lycos.com', '44158118', 4, 1),
	(233, 'Petr Freezer', '6092024319', '0 Kipling Drive', 'pfreezerk@mail.ru', '72901422', 4, 1),
	(234, 'Alvera Drayn', '7565696564', '8280 Village Road', 'adraynl@scribd.com', '77536281', 3, 1),
	(235, 'Davine Batting', '5323259995', '7599 Valley Edge Court', 'dbattingm@phoca.cz', '56086016', 4, 1),
	(236, 'Aimee Doorbar', '2552642022', '614 Packers Circle', 'adoorbarn@google.pl', '10156092', 3, 1),
	(237, 'Basilius Pogue', '6665246150', '1453 Reindahl Way', 'bpogueo@mozilla.org', '62632520', 4, 1),
	(238, 'Halsey Cowp', '4113493889', '8493 Thierer Alley', 'hcowpp@simplemachines.org', '59033561', 3, 1),
	(239, 'Stanislas Jaycox', '6656435158', '41 Maple Wood Street', 'sjaycoxq@baidu.com', '66841528', 4, 1),
	(240, 'Lynna Kruger', '7035426878', '879 Moose Pass', 'lkrugerr@cocolog-nifty.com', '63526270', 3, 1),
	(241, 'Star Itshak', '3276413721', '63 Towne Park', 'sitshaks@diigo.com', '52980170', 3, 1),
	(242, 'Elle Kornalik', '4521186492', '280 Coleman Lane', 'ekornalikt@list-manage.com', '72742196', 3, 1),
	(243, 'Lothaire Muncaster', '5276357750', '5940 Prentice Place', 'lmuncasteru@cdc.gov', '69757198', 3, 1),
	(244, 'Wright Denisevich', '5724957696', '23074 Bowman Road', 'wdenisevichv@360.cn', '64049764', 4, 1),
	(245, 'Daveta Pincott', '7219543985', '8726 Heath Street', 'dpincottw@geocities.com', '71673176', 3, 1),
	(246, 'Niels O\'Neil', '7525080234', '1 Hagan Road', 'noneilx@irs.gov', '54486590', 3, 1),
	(247, 'Martica Goodhall', '3919189043', '7 Superior Terrace', 'mgoodhally@geocities.jp', '79897757', 4, 1),
	(248, 'Vilma Capponeer', '2949253820', '8 Jana Parkway', 'vcapponeerz@usnews.com', '79276561', 3, 1),
	(249, 'Devlen Priddy', '3632515512', '6701 Hooker Park', 'dpriddy10@mediafire.com', '18864061', 3, 1),
	(250, 'Arlina Lineham', '3885055247', '1 Rowland Hill', 'alineham11@springer.com', '41877816', 4, 1),
	(251, 'Ardis Geely', '7362726414', '9991 Graedel Crossing', 'ageely12@homestead.com', '58373194', 3, 1),
	(252, 'Tarrance Revill', '3506200724', '8518 Summit Park', 'trevill13@ihg.com', '97433558', 3, 1),
	(253, 'Cass Croome', '9818376315', '0759 Lerdahl Center', 'ccroome14@godaddy.com', '70048097', 4, 1),
	(254, 'Danita Bussy', '8387158610', '44 Arkansas Alley', 'dbussy15@nydailynews.com', '42319801', 3, 1),
	(255, 'Yovonnda Freddi', '8718728267', '5 Crescent Oaks Hill', 'yfreddi16@yellowpages.com', '51683609', 3, 1),
	(256, 'Derron Goadsby', '9909067137', '02969 Stoughton Plaza', 'dgoadsby17@amazonaws.com', '60882000', 4, 1),
	(257, 'Merilee MacAndrew', '8235903236', '44 Brickson Park Pass', 'mmacandrew18@salon.com', '40073449', 4, 1),
	(258, 'Thaddus Toon', '9516578231', '9 Scoville Crossing', 'ttoon19@smugmug.com', '97473244', 4, 1),
	(259, 'Lyman Gutteridge', '2183390395', '8467 Dryden Street', 'lgutteridge1a@cpanel.net', '14183808', 4, 1),
	(260, 'Bunni Birkmyr', '4076023469', '9336 Harbort Circle', 'bbirkmyr1b@cloudflare.com', '40690510', 3, 1),
	(261, 'Anselma Kasbye', '1246437845', '9076 Heffernan Park', 'akasbye1c@goo.gl', '57689427', 3, 1),
	(262, 'Tedman Emanuelov', '1854944069', '37 Butternut Lane', 'temanuelov1d@icio.us', '71253073', 4, 1),
	(263, 'Quincy Littlechild', '7546159580', '68667 Graedel Court', 'qlittlechild1e@nydailynews.com', '82195793', 4, 1),
	(264, 'Sybil Strutton', '5779570091', '044 Nelson Center', 'sstrutton1f@booking.com', '90850244', 3, 1),
	(265, 'Gina Bampford', '3384366823', '6 Dayton Street', 'gbampford1g@wiley.com', '59847888', 3, 1),
	(266, 'Kara Coger', '7683072088', '16401 Lake View Crossing', 'kcoger1h@mayoclinic.com', '77264800', 3, 1),
	(267, 'Barbee Kleinplac', '4236748597', '1239 Stang Road', 'bkleinplac1i@cargocollective.com', '87181750', 4, 1),
	(268, 'Mora Sidgwick', '5089668148', '4 Packers Hill', 'msidgwick1j@princeton.edu', '22648874', 4, 1),
	(269, 'Rollo Domney', '5205053805', '93553 Hazelcrest Place', 'rdomney1k@weather.com', '24815952', 3, 1),
	(270, 'Bobinette Cuerdall', '2741096816', '98015 Talisman Junction', 'bcuerdall1l@webeden.co.uk', '34089764', 4, 1),
	(271, 'Charlena Blaschek', '4444846578', '6354 Eastwood Drive', 'cblaschek1m@shutterfly.com', '49341908', 4, 1),
	(272, 'Karole Kynder', '2195702178', '2611 Ruskin Place', 'kkynder1n@bbc.co.uk', '31361125', 3, 1),
	(273, 'Alec Ronci', '7394629264', '3 Blackbird Road', 'aronci1o@bing.com', '91605034', 3, 1),
	(274, 'Husain McGrory', '7205287935', '6 Blackbird Way', 'hmcgrory1p@taobao.com', '95579599', 3, 1),
	(275, 'Finlay Dorow', '8254380221', '24 Stuart Avenue', 'fdorow1q@paginegialle.it', '84464608', 3, 1),
	(276, 'Hendrik Eich', '8298498512', '65936 Hagan Place', 'heich1r@nasa.gov', '63874672', 4, 1),
	(277, 'Annabell Monery', '2815938541', '037 Judy Crossing', 'amonery1s@icq.com', '31769139', 3, 1),
	(278, 'Jody Delgardillo', '2268330144', '54845 Donald Street', 'jdelgardillo1t@theatlantic.com', '25578132', 3, 1),
	(279, 'Ennis Crauford', '6494108114', '5099 Orin Alley', 'ecrauford1u@taobao.com', '69677490', 3, 1),
	(280, 'Joycelin Braithwaite', '9622040579', '465 Debs Drive', 'jbraithwaite1v@theguardian.com', '81547713', 4, 1),
	(281, 'Lira Knifton', '5929981717', '8893 Delaware Point', 'lknifton1w@altervista.org', '67416842', 4, 1),
	(282, 'Aldridge Orange', '3747410076', '98 Mesta Hill', 'aorange1x@angelfire.com', '76103534', 4, 1),
	(283, 'Cara Rushbrook', '3283702312', '9448 Stang Point', 'crushbrook1y@hhs.gov', '75660086', 4, 1),
	(284, 'Jimmy Bourbon', '2671958398', '5385 Cambridge Avenue', 'jbourbon1z@slideshare.net', '40112342', 3, 1),
	(285, 'Kessia Grunson', '7357047028', '64 Meadow Valley Way', 'kgrunson20@independent.co.uk', '47339865', 3, 1),
	(286, 'Wheeler Jewkes', '9361609921', '784 Moland Center', 'wjewkes21@gnu.org', '88505707', 4, 1),
	(287, 'Lynne Donnan', '7161558038', '5 Maple Wood Place', 'ldonnan22@stumbleupon.com', '76182519', 3, 1),
	(288, 'Horton Alvarado', '7342852220', '94 Maple Parkway', 'halvarado23@jigsy.com', '99233596', 3, 1),
	(289, 'Salli Ruberti', '8463365501', '2517 American Ash Avenue', 'sruberti24@redcross.org', '29055272', 3, 1),
	(290, 'Dell Camosso', '7528149128', '23383 American Terrace', 'dcamosso25@usnews.com', '15713330', 4, 1),
	(291, 'Odo Komorowski', '8577708486', '140 Victoria Crossing', 'okomorowski26@fastcompany.com', '49126896', 3, 1),
	(292, 'Colby Linstead', '8538101885', '008 Dayton Way', 'clinstead27@wikia.com', '57618551', 3, 1),
	(293, 'Berkeley Cornelisse', '9111257620', '2052 Pierstorff Pass', 'bcornelisse28@homestead.com', '44680416', 4, 1),
	(294, 'Tanhya McGlaud', '8793504238', '8756 North Street', 'tmcglaud29@hao123.com', '94735373', 4, 1),
	(295, 'Mechelle Craske', '2253568229', '384 Nelson Hill', 'mcraske2a@ovh.net', '28057893', 3, 1),
	(296, 'Gannie Dymock', '6433849995', '41604 Orin Plaza', 'gdymock2b@about.me', '20996328', 4, 1),
	(297, 'Eward Krauss', '6394713762', '25 Mitchell Road', 'ekrauss2c@google.ru', '86317263', 3, 1),
	(298, 'Morgan Glencrosche', '7807874978', '4389 Calypso Circle', 'mglencrosche2d@jalbum.net', '57548008', 3, 1),
	(299, 'Ibrahim Bowton', '9797708065', '86 Rieder Crossing', 'ibowton2e@so-net.ne.jp', '13509377', 3, 1),
	(300, 'Chickie Peffer', '2415101661', '0 Walton Lane', 'cpeffer2f@squidoo.com', '71226857', 3, 1),
	(301, 'Eveline Loweth', '9577123079', '324 Porter Trail', 'eloweth2g@irs.gov', '29226594', 3, 1),
	(302, 'Wilmar McIlharga', '3243926795', '6861 Garrison Circle', 'wmcilharga2h@cargocollective.com', '37756890', 4, 1),
	(303, 'Desi Evens', '5377103744', '3 Hagan Drive', 'devens2i@webmd.com', '57966768', 3, 1),
	(304, 'Harwilll Smowton', '5678794047', '190 Banding Parkway', 'hsmowton2j@mozilla.com', '95224378', 3, 1),
	(305, 'Clemmie Tomasek', '1606978120', '127 Green Ridge Street', 'ctomasek2k@state.tx.us', '46037000', 3, 1),
	(306, 'Meredith Simonassi', '5552628083', '22279 Elka Trail', 'msimonassi2l@spotify.com', '60153756', 4, 1),
	(307, 'Henry Shelly', '9211950227', '1000 Dunning Circle', 'hshelly2m@webeden.co.uk', '51028940', 4, 1),
	(308, 'Deny Rudgard', '2322932910', '270 Loomis Alley', 'drudgard2n@pbs.org', '85409216', 3, 1),
	(309, 'Antoni Shurmer', '1418326205', '5082 Russell Road', 'ashurmer2o@ucsd.edu', '15637561', 4, 1),
	(310, 'Marco Robjohns', '5803504738', '7 Dennis Way', 'mrobjohns2p@edublogs.org', '92777806', 4, 1),
	(311, 'Osbourn Lynn', '5118483905', '4 Lighthouse Bay Junction', 'olynn2q@rakuten.co.jp', '37797798', 3, 1),
	(312, 'Rodie Keats', '3522137442', '058 Anthes Point', 'rkeats2r@indiegogo.com', '39217746', 3, 1);

-- Volcando estructura para tabla sis_venta.configuracion
CREATE TABLE IF NOT EXISTS `configuracion` (
  `id` int(11) NOT NULL AUTO_INCREMENT,
  `nombre` varchar(100) NOT NULL,
  `telefono` varchar(15) NOT NULL,
  `email` varchar(100) NOT NULL,
  `direccion` text NOT NULL,
  PRIMARY KEY (`id`)
) ENGINE=InnoDB AUTO_INCREMENT=2 DEFAULT CHARSET=utf8 COLLATE=utf8_spanish_ci;

-- Volcando datos para la tabla sis_venta.configuracion: ~0 rows (aproximadamente)
INSERT INTO `configuracion` (`id`, `nombre`, `telefono`, `email`, `direccion`) VALUES
	(1, 'Tienda Impacto 2', '925491523', 'info.tiendaimpacto2@gmail.com', 'Tacna');

-- Volcando estructura para tabla sis_venta.detalle_permisos
CREATE TABLE IF NOT EXISTS `detalle_permisos` (
  `id` int(11) NOT NULL AUTO_INCREMENT,
  `id_permiso` int(11) NOT NULL,
  `id_usuario` int(11) NOT NULL,
  PRIMARY KEY (`id`)
) ENGINE=InnoDB AUTO_INCREMENT=27 DEFAULT CHARSET=utf8mb4 COLLATE=utf8mb4_general_ci;

-- Volcando datos para la tabla sis_venta.detalle_permisos: ~8 rows (aproximadamente)
INSERT INTO `detalle_permisos` (`id`, `id_permiso`, `id_usuario`) VALUES
	(12, 3, 5),
	(13, 4, 5),
	(14, 5, 5),
	(15, 6, 5),
	(23, 5, 2),
	(24, 3, 8),
	(25, 4, 8),
	(26, 6, 8);

-- Volcando estructura para tabla sis_venta.detalle_temp
CREATE TABLE IF NOT EXISTS `detalle_temp` (
  `id` int(11) NOT NULL AUTO_INCREMENT,
  `id_usuario` varchar(50) NOT NULL,
  `id_producto` int(11) NOT NULL,
  `cantidad` int(11) NOT NULL,
  `precio_venta` decimal(10,2) NOT NULL,
  `total` decimal(10,2) NOT NULL,
  PRIMARY KEY (`id`)
) ENGINE=InnoDB AUTO_INCREMENT=24 DEFAULT CHARSET=utf8 COLLATE=utf8_spanish_ci;

-- Volcando datos para la tabla sis_venta.detalle_temp: ~0 rows (aproximadamente)
INSERT INTO `detalle_temp` (`id`, `id_usuario`, `id_producto`, `cantidad`, `precio_venta`, `total`) VALUES
	(23, '1', 1, 1, 1500.00, 1500.00);

-- Volcando estructura para tabla sis_venta.detalle_venta
CREATE TABLE IF NOT EXISTS `detalle_venta` (
  `id` int(11) NOT NULL AUTO_INCREMENT,
  `id_producto` int(11) NOT NULL,
  `id_venta` int(11) NOT NULL,
  `cantidad` int(11) NOT NULL,
  `precio` decimal(10,2) NOT NULL,
  PRIMARY KEY (`id`)
) ENGINE=InnoDB AUTO_INCREMENT=11 DEFAULT CHARSET=utf8mb4 COLLATE=utf8mb4_general_ci;

-- Volcando datos para la tabla sis_venta.detalle_venta: ~7 rows (aproximadamente)
INSERT INTO `detalle_venta` (`id`, `id_producto`, `id_venta`, `cantidad`, `precio`) VALUES
	(4, 2, 3, 1, 150.00),
	(5, 3, 3, 1, 200.00),
	(6, 5, 4, 1, 100.00),
	(7, 6, 4, 1, 59.00),
	(8, 2, 5, 1, 150.00),
	(9, 3, 5, 1, 200.00),
	(10, 5, 5, 1, 100.00);

-- Volcando estructura para tabla sis_venta.permisos
CREATE TABLE IF NOT EXISTS `permisos` (
  `id` int(11) NOT NULL AUTO_INCREMENT,
  `nombre` varchar(30) NOT NULL,
  PRIMARY KEY (`id`)
) ENGINE=InnoDB AUTO_INCREMENT=7 DEFAULT CHARSET=utf8mb4 COLLATE=utf8mb4_general_ci;

-- Volcando datos para la tabla sis_venta.permisos: ~6 rows (aproximadamente)
INSERT INTO `permisos` (`id`, `nombre`) VALUES
	(1, 'configuración'),
	(2, 'usuarios'),
	(3, 'clientes'),
	(4, 'productos'),
	(5, 'ventas'),
	(6, 'nueva_venta');

-- Volcando estructura para tabla sis_venta.producto
CREATE TABLE IF NOT EXISTS `producto` (
  `codproducto` int(11) NOT NULL AUTO_INCREMENT,
  `codigo` varchar(20) NOT NULL,
  `nombre` varchar(20) DEFAULT NULL,
  `descripcion` varchar(200) NOT NULL,
  `categoria` varchar(50) NOT NULL DEFAULT '1',
  `subcategoria` varchar(50) DEFAULT NULL,
  `precio` decimal(10,2) NOT NULL,
  `existencia` int(11) NOT NULL,
  `usuario_id` int(11) NOT NULL,
  `estado` int(11) NOT NULL DEFAULT 1,
  `img` varchar(50) DEFAULT NULL,
  PRIMARY KEY (`codproducto`),
  KEY `categoria` (`categoria`) USING BTREE
) ENGINE=InnoDB AUTO_INCREMENT=17 DEFAULT CHARSET=utf8 COLLATE=utf8_spanish_ci;

-- Volcando datos para la tabla sis_venta.producto: ~16 rows (aproximadamente)
INSERT INTO `producto` (`codproducto`, `codigo`, `nombre`, `descripcion`, `categoria`, `subcategoria`, `precio`, `existencia`, `usuario_id`, `estado`, `img`) VALUES
	(1, '1001', 'tarjeta de video', 'RTX 4060 12GB GDDR6X', '1', NULL, 1500.00, 5, 1, 1, '20211210162501.jpg'),
	(2, '1002', 'tarjeta de video', 'RTX 4070 12GB GDDR6X', '1', NULL, 2850.00, 3, 1, 1, '20211211192038.jpg'),
	(3, '1003', 'tarjeta de video', 'RTX 4080 16GB GDDR6X', '1', NULL, 4600.00, 6, 1, 1, '20211211212316.jpg'),
	(4, '1004', 'Procesador', 'INTEL CORE I5 12600K 3.7GHZ', '1', NULL, 1050.00, 10, 1, 1, '20211211212440.jpg'),
	(5, '1005', 'Procesador', 'INTEL CORE I7 12700K 3.6GHZ', '1', NULL, 1500.00, 11, 1, 1, '20211212082423.jpg'),
	(6, '1006', 'Procesador', 'AMD RYZEN 5 5600G AM4, 3.9GHZ', '1', NULL, 600.00, 4, 0, 1, '20211212082629.jpg'),
	(7, '1007', 'Procesador', 'AMD RYZEN 7 5800X AM4 3.4GHZ', '1', NULL, 1484.00, 5, 1, 1, '20211212082751.jpg'),
	(8, '1008', 'ram', 'CORSAIR DDR4 32GB a 3200 MHZ', '1', NULL, 407.00, 5, 1, 1, '20211212083038.jpg'),
	(9, '1009', 'ram', 'KINGSTON DDR4 16GB A 3200 MHZ', '1', NULL, 188.00, 10, 1, 1, '1.jpg'),
	(10, '1010', 'fuente', 'EVGA 850W ATX GOLD 80 PLUS', '1', NULL, 553.00, 3, 1, 1, '20211212083036.jpg'),
	(11, '1011', 'monitor', 'SAMSUNG 24" GAMER FRECUENCIA 165HZ 1MS', '2', NULL, 653.00, 15, 1, 1, '20211212083034.jpg'),
	(12, '1012', 'monitor', 'SAMSUNG 28" 1MS, 144HZ', '2', NULL, 2283.00, 5, 1, 1, '20211212083033.jpg'),
	(13, '1013', 'placa', ' MSI MAG B560M BAZOOKA', '1', NULL, 531.00, 12, 1, 1, '20211212083035.jpg'),
	(14, '1014', 'mouse', 'LOGITECH GAMING MECANICO G513', '3', NULL, 446.00, 4, 1, 1, '20211212083032.jpg'),
	(15, '1015', 'laptop', 'LENOVO CORE I7 1165G7 V15', '4', NULL, 2105.00, 12, 1, 1, '20211212083031.jpg'),
	(16, '1016', 'laptop', 'GIGABYTE CORE I7 12700H AORUS 15 XE4', '4', NULL, 6660.00, 6, 1, 1, '20211212083030.jpg');

-- Volcando estructura para tabla sis_venta.usuario
CREATE TABLE IF NOT EXISTS `usuario` (
  `idusuario` int(11) NOT NULL AUTO_INCREMENT,
  `nombre` varchar(100) NOT NULL,
  `correo` varchar(100) NOT NULL,
  `usuario` varchar(20) NOT NULL,
  `clave` varchar(50) NOT NULL,
  `estado` int(11) NOT NULL DEFAULT 1,
  PRIMARY KEY (`idusuario`)
) ENGINE=InnoDB AUTO_INCREMENT=277 DEFAULT CHARSET=utf8 COLLATE=utf8_spanish_ci;

-- Volcando datos para la tabla sis_venta.usuario: ~276 rows (aproximadamente)
INSERT INTO `usuario` (`idusuario`, `nombre`, `correo`, `usuario`, `clave`, `estado`) VALUES
	(1, 'Cesar Chavez', 'fabianch2600@gmail.com', 'admin', '21232f297a57a5a743894a0e4a801fc3', 1),
	(2, 'Carlos Escobar', 'carlosescobar2303@gmail.com', 'vendedor', '21232f297a57a5a743894a0e4a801fc3', 1),
	(3, 'Sebastian Condori', 'sebascondori456@gmail.com', 'sebas', '21232f297a57a5a743894a0e4a801fc3', 1),
	(4, 'Angel Flores', 'angelflores478@gmail.com', 'angel', '21232f297a57a5a743894a0e4a801fc3', 1),
	(5, 'Alexandra Martinez', 'alexandramartinez787@gmail.com', 'vendedor', '21232f297a57a5a743894a0e4a801fc3', 1),
	(6, 'Nilda Garcia', 'nildagracia789@gmail.com', 'nilda', '21232f297a57a5a743894a0e4a801fc3', 1),
	(7, 'Alexander Tarqui', 'alextarqui156@gmail.com', 'alex', '21232f297a57a5a743894a0e4a801fc3', 1),
	(8, 'Jesus Huallpa', 'jesushuallpa@gmail.com', 'jesus', '21232f297a57a5a743894a0e4a801fc3', 1),
	(9, 'Cristian Pazos', 'crispazos1245@gmail.com', 'crisp', '21232f297a57a5a743894a0e4a801fc3', 1),
	(10, 'Allison Herrera', 'allisonh5687@gmail.com', 'alli', '21232f297a57a5a743894a0e4a801fc3', 1),
	(11, 'Albert Apaza', 'albertapaza@gmail.com', 'albert', '21232f297a57a5a743894a0e4a801fc3', 1),
	(12, 'Josue Villanueva', 'josuevillanueva@gmail.com', 'delivery1', '21232f297a57a5a743894a0e4a801fc3', 1),
	(13, 'Pedro Rodriguez', 'pedro.rodriguez@hotmail.com', 'pedrorodriguez1', '21232f297a57a5a743894a0e4a801fc3', 1),
	(14, 'Maria Garcia', 'maria.garcia@gmail.com', 'mariagarcia2', '21232f297a57a5a743894a0e4a801fc3', 1),
	(15, 'Luis Martinez', 'luis.martinez@outlook.com', 'luismartinez3', '21232f297a57a5a743894a0e4a801fc3', 1),
	(16, 'Sofia Hernandez', 'sofia.hernandez@hotmail.com', 'sofiahernandez4', '21232f297a57a5a743894a0e4a801fc3', 1),
	(17, 'Javier Perez', 'javier.perez@gmail.com', 'javierperez5', '21232f297a57a5a743894a0e4a801fc3', 1),
	(18, 'Ana Lopez', 'ana.lopez@outlook.com', 'analopez6', '21232f297a57a5a743894a0e4a801fc3', 1),
	(19, 'Carlos Gonzalez', 'carlos.gonzalez@hotmail.com', 'carlosgonzalez7', '21232f297a57a5a743894a0e4a801fc3', 1),
	(20, 'Laura Diaz', 'laura.diaz@gmail.com', 'lauradiaz8', '21232f297a57a5a743894a0e4a801fc3', 1),
	(21, 'Diego Ramirez', 'diego.ramirez@outlook.com', 'diegoramirez9', '21232f297a57a5a743894a0e4a801fc3', 1),
	(22, 'Valentina Torres', 'valentina.torres@hotmail.com', 'valentinatorres10', '21232f297a57a5a743894a0e4a801fc3', 1),
	(23, 'Juan Perez', 'juan.perez@gmail.com', 'juanperez11', '21232f297a57a5a743894a0e4a801fc3', 1),
	(24, 'Isabella Sanchez', 'isabella.sanchez@outlook.com', 'isabellasanchez12', '21232f297a57a5a743894a0e4a801fc3', 1),
	(25, 'Mateo Fernandez', 'mateo.fernandez@hotmail.com', 'mateofernandez13', '21232f297a57a5a743894a0e4a801fc3', 1),
	(26, 'Camila Martinez', 'camila.martinez@gmail.com', 'camilamartinez14', '21232f297a57a5a743894a0e4a801fc3', 1),
	(27, 'Lucas Gonzalez', 'lucas.gonzalez@outlook.com', 'lucasgonzalez15', '21232f297a57a5a743894a0e4a801fc3', 1),
	(28, 'Mia Diaz', 'mia.diaz@hotmail.com', 'miadiaz16', '21232f297a57a5a743894a0e4a801fc3', 1),
	(29, 'Benjamin Rodriguez', 'benjamin.rodriguez@gmail.com', 'benjaminrodriguez17', '21232f297a57a5a743894a0e4a801fc3', 1),
	(30, 'Emma Lopez', 'emma.lopez@outlook.com', 'emmalopez18', '21232f297a57a5a743894a0e4a801fc3', 1),
	(31, 'Daniel Perez', 'daniel.perez@hotmail.com', 'danielperez19', '21232f297a57a5a743894a0e4a801fc3', 1),
	(32, 'Sofia Garcia', 'sofia.garcia@gmail.com', 'sofiagarcia20', '21232f297a57a5a743894a0e4a801fc3', 1),
	(33, 'Matias Ramirez', 'matias.ramirez@outlook.com', 'matiasramirez21', '21232f297a57a5a743894a0e4a801fc3', 1),
	(34, 'Valeria Fernandez', 'valeria.fernandez@hotmail.com', 'valeriafernandez22', '21232f297a57a5a743894a0e4a801fc3', 1),
	(35, 'Leonardo Torres', 'leonardo.torres@gmail.com', 'leonardotorres23', '21232f297a57a5a743894a0e4a801fc3', 1),
	(36, 'Antonia Diaz', 'antonia.diaz@outlook.com', 'antoniodiaz24', '21232f297a57a5a743894a0e4a801fc3', 1),
	(37, 'Martin Gonzalez', 'martin.gonzalez@hotmail.com', 'martingonzalez25', '21232f297a57a5a743894a0e4a801fc3', 1),
	(38, 'Catalina Perez', 'catalina.perez@gmail.com', 'catalinaperez26', '21232f297a57a5a743894a0e4a801fc3', 1),
	(39, 'Pedro Rodriguez', 'pedro.rodriguez@hotmail.com', 'pedrorodriguez27', '21232f297a57a5a743894a0e4a801fc3', 1),
	(40, 'Maria Garcia', 'maria.garcia@gmail.com', 'mariagarcia28', '21232f297a57a5a743894a0e4a801fc3', 1),
	(41, 'Luis Martinez', 'luis.martinez@outlook.com', 'luismartinez29', '21232f297a57a5a743894a0e4a801fc3', 1),
	(42, 'Sofia Hernandez', 'sofia.hernandez@hotmail.com', 'sofiahernandez30', '21232f297a57a5a743894a0e4a801fc3', 1),
	(43, 'Javier Perez', 'javier.perez@gmail.com', 'javierperez31', '21232f297a57a5a743894a0e4a801fc3', 1),
	(44, 'Ana Lopez', 'ana.lopez@outlook.com', 'analopez32', '21232f297a57a5a743894a0e4a801fc3', 1),
	(45, 'Carlos Gonzalez', 'carlos.gonzalez@hotmail.com', 'carlosgonzalez33', '21232f297a57a5a743894a0e4a801fc3', 1),
	(46, 'Laura Diaz', 'laura.diaz@gmail.com', 'lauradiaz34', '21232f297a57a5a743894a0e4a801fc3', 1),
	(47, 'Diego Ramirez', 'diego.ramirez@outlook.com', 'diegoramirez35', '21232f297a57a5a743894a0e4a801fc3', 1),
	(48, 'Valentina Torres', 'valentina.torres@hotmail.com', 'valentinatorres36', '21232f297a57a5a743894a0e4a801fc3', 1),
	(49, 'Juan Perez', 'juan.perez@gmail.com', 'juanperez37', '21232f297a57a5a743894a0e4a801fc3', 1),
	(50, 'Isabella Sanchez', 'isabella.sanchez@outlook.com', 'isabellasanchez38', '21232f297a57a5a743894a0e4a801fc3', 1),
	(51, 'Mateo Fernandez', 'mateo.fernandez@hotmail.com', 'mateofernandez39', '21232f297a57a5a743894a0e4a801fc3', 1),
	(52, 'Camila Martinez', 'camila.martinez@gmail.com', 'camilamartinez40', '21232f297a57a5a743894a0e4a801fc3', 1),
	(53, 'Lucas Gonzalez', 'lucas.gonzalez@outlook.com', 'lucasgonzalez41', '21232f297a57a5a743894a0e4a801fc3', 1),
	(54, 'Mia Diaz', 'mia.diaz@hotmail.com', 'miadiaz42', '21232f297a57a5a743894a0e4a801fc3', 1),
	(55, 'Benjamin Rodriguez', 'benjamin.rodriguez@gmail.com', 'benjaminrodriguez43', '21232f297a57a5a743894a0e4a801fc3', 1),
	(56, 'Emma Lopez', 'emma.lopez@outlook.com', 'emmalopez44', '21232f297a57a5a743894a0e4a801fc3', 1),
	(57, 'Daniel Perez', 'daniel.perez@hotmail.com', 'danielperez45', '21232f297a57a5a743894a0e4a801fc3', 1),
	(58, 'Sofia Garcia', 'sofia.garcia@gmail.com', 'sofiagarcia46', '21232f297a57a5a743894a0e4a801fc3', 1),
	(59, 'Matias Ramirez', 'matias.ramirez@outlook.com', 'matiasramirez47', '21232f297a57a5a743894a0e4a801fc3', 1),
	(60, 'Valeria Fernandez', 'valeria.fernandez@hotmail.com', 'valeriafernandez48', '21232f297a57a5a743894a0e4a801fc3', 1),
	(61, 'Leonardo Torres', 'leonardo.torres@gmail.com', 'leonardotorres49', '21232f297a57a5a743894a0e4a801fc3', 1),
	(62, 'Antonia Diaz', 'antonia.diaz@outlook.com', 'antoniodiaz50', '21232f297a57a5a743894a0e4a801fc3', 1),
	(63, 'Martin Gonzalez', 'martin.gonzalez@hotmail.com', 'martingonzalez51', '21232f297a57a5a743894a0e4a801fc3', 1),
	(64, 'Rouvin Naulty', 'rnaulty0@purevolume.com', 'rnaulty0', '21232f297a57a5a743894a0e4a801fc3', 1),
	(65, 'Gawen Litherland', 'glitherland1s@yelp.com', 'glitherland1s', '21232f297a57a5a743894a0e4a801fc3', 1),
	(66, 'Lydia Coon', 'lcoon1t@ox.ac.uk', 'lcoon1t', '21232f297a57a5a743894a0e4a801fc3', 1),
	(67, 'Archy Steffans', 'asteffans1u@hibu.com', 'asteffans1u', '21232f297a57a5a743894a0e4a801fc3', 1),
	(68, 'Barnabas Teideman', 'bteideman1v@is.gd', 'bteideman1v', '21232f297a57a5a743894a0e4a801fc3', 1),
	(69, 'Arabela Gilfillan', 'agilfillan1w@wikia.com', 'agilfillan1w', '21232f297a57a5a743894a0e4a801fc3', 1),
	(70, 'Eustacia Huc', 'ehuc1x@flavors.me', 'ehuc1x', '21232f297a57a5a743894a0e4a801fc3', 1),
	(71, 'Zaria Solman', 'zsolman1y@behance.net', 'zsolman1y', '21232f297a57a5a743894a0e4a801fc3', 1),
	(72, 'Estrellita Jain', 'ejain1z@mtv.com', 'ejain1z', '21232f297a57a5a743894a0e4a801fc3', 1),
	(73, 'Christel Aveyard', 'caveyard20@sbwire.com', 'caveyard20', '21232f297a57a5a743894a0e4a801fc3', 1),
	(74, 'Aretha Gronaver', 'agronaver21@flickr.com', 'agronaver21', '21232f297a57a5a743894a0e4a801fc3', 1),
	(75, 'Jasen Shorthill', 'jshorthill22@npr.org', 'jshorthill22', '21232f297a57a5a743894a0e4a801fc3', 1),
	(76, 'Valerye Scolding', 'vscolding23@about.me', 'vscolding23', '21232f297a57a5a743894a0e4a801fc3', 1),
	(77, 'Thedrick Dibnah', 'tdibnah24@ca.gov', 'tdibnah24', '21232f297a57a5a743894a0e4a801fc3', 1),
	(78, 'Stu Cains', 'scains25@squarespace.com', 'scains25', '21232f297a57a5a743894a0e4a801fc3', 1),
	(79, 'Bond Shrubb', 'bshrubb26@gizmodo.com', 'bshrubb26', '21232f297a57a5a743894a0e4a801fc3', 1),
	(80, 'Ax Moorwood', 'amoorwood27@addtoany.com', 'amoorwood27', '21232f297a57a5a743894a0e4a801fc3', 1),
	(81, 'Nico McKissack', 'nmckissack28@cornell.edu', 'nmckissack28', '21232f297a57a5a743894a0e4a801fc3', 1),
	(82, 'Audre Chetwind', 'achetwind29@chicagotribune.com', 'achetwind29', '21232f297a57a5a743894a0e4a801fc3', 1),
	(83, 'Colly Cabbell', 'ccabbell2a@friendfeed.com', 'ccabbell2a', '21232f297a57a5a743894a0e4a801fc3', 1),
	(84, 'Rozina Darkin', 'rdarkin2b@sitemeter.com', 'rdarkin2b', '21232f297a57a5a743894a0e4a801fc3', 1),
	(85, 'Danyelle Caldaro', 'dcaldaro2c@bloglines.com', 'dcaldaro2c', '21232f297a57a5a743894a0e4a801fc3', 1),
	(86, 'Corey Dobey', 'cdobey2d@nifty.com', 'cdobey2d', '21232f297a57a5a743894a0e4a801fc3', 1),
	(87, 'Melly Yelding', 'myelding2e@yolasite.com', 'myelding2e', '21232f297a57a5a743894a0e4a801fc3', 1),
	(88, 'Moshe Billyard', 'mbillyard2f@dailymotion.com', 'mbillyard2f', '21232f297a57a5a743894a0e4a801fc3', 1),
	(89, 'Lorelei Fedynski', 'lfedynski2g@etsy.com', 'lfedynski2g', '21232f297a57a5a743894a0e4a801fc3', 1),
	(90, 'Krispin O\'Grogane', 'kogrogane2h@elpais.com', 'kogrogane2h', '21232f297a57a5a743894a0e4a801fc3', 1),
	(91, 'Maria Necolds', 'mnecolds2i@bing.com', 'mnecolds2i', '21232f297a57a5a743894a0e4a801fc3', 1),
	(92, 'Kaitlynn Blatchford', 'kblatchford2j@earthlink.net', 'kblatchford2j', '21232f297a57a5a743894a0e4a801fc3', 1),
	(93, 'Eliza Krikorian', 'ekrikorian2k@arstechnica.com', 'ekrikorian2k', '21232f297a57a5a743894a0e4a801fc3', 1),
	(94, 'Erskine Hein', 'ehein2l@army.mil', 'ehein2l', '21232f297a57a5a743894a0e4a801fc3', 1),
	(95, 'Cathie Ingarfill', 'cingarfill2m@wired.com', 'cingarfill2m', '21232f297a57a5a743894a0e4a801fc3', 1),
	(96, 'Pierre Rennebeck', 'prennebeck2n@comsenz.com', 'prennebeck2n', '21232f297a57a5a743894a0e4a801fc3', 1),
	(97, 'Renault Muglestone', 'rmuglestone2o@hexun.com', 'rmuglestone2o', '21232f297a57a5a743894a0e4a801fc3', 1),
	(98, 'Marietta Harrowsmith', 'mharrowsmith2p@cbsnews.com', 'mharrowsmith2p', '21232f297a57a5a743894a0e4a801fc3', 1),
	(99, 'Kevina Halfhead', 'khalfhead2q@apple.com', 'khalfhead2q', '21232f297a57a5a743894a0e4a801fc3', 1),
	(100, 'Derek Croyser', 'dcroyser2r@mediafire.com', 'dcroyser2r', '21232f297a57a5a743894a0e4a801fc3', 1),
	(101, 'Felicio Cale', 'fcale2s@wunderground.com', 'fcale2s', '21232f297a57a5a743894a0e4a801fc3', 1),
	(102, 'Tedi Smyth', 'tsmyth2t@latimes.com', 'tsmyth2t', '21232f297a57a5a743894a0e4a801fc3', 1),
	(103, 'Clerissa Ashbrook', 'cashbrook2u@nytimes.com', 'cashbrook2u', '21232f297a57a5a743894a0e4a801fc3', 1),
	(104, 'Tawnya Winch', 'twinch2v@indiegogo.com', 'twinch2v', '21232f297a57a5a743894a0e4a801fc3', 1),
	(105, 'Leona Bodman', 'lbodman2w@friendfeed.com', 'lbodman2w', '21232f297a57a5a743894a0e4a801fc3', 1),
	(106, 'Jesse Paish', 'jpaish2x@imgur.com', 'jpaish2x', '21232f297a57a5a743894a0e4a801fc3', 1),
	(107, 'Addie Jirusek', 'ajirusek2y@dion.ne.jp', 'ajirusek2y', '21232f297a57a5a743894a0e4a801fc3', 1),
	(108, 'Webb MacKim', 'wmackim2z@chicagotribune.com', 'wmackim2z', '21232f297a57a5a743894a0e4a801fc3', 1),
	(109, 'Andra Seifenmacher', 'aseifenmacher30@wisc.edu', 'aseifenmacher30', '21232f297a57a5a743894a0e4a801fc3', 1),
	(110, 'Anni McDavid', 'amcdavid31@addtoany.com', 'amcdavid31', '21232f297a57a5a743894a0e4a801fc3', 1),
	(111, 'Leonid Talbot', 'ltalbot32@networkadvertising.org', 'ltalbot32', '21232f297a57a5a743894a0e4a801fc3', 1),
	(112, 'Marlane Olivey', 'molivey33@moonfruit.com', 'molivey33', '21232f297a57a5a743894a0e4a801fc3', 1),
	(113, 'Jill Havile', 'jhavile34@biblegateway.com', 'jhavile34', '21232f297a57a5a743894a0e4a801fc3', 1),
	(114, 'Lenora Showering', 'lshowering35@skype.com', 'lshowering35', '21232f297a57a5a743894a0e4a801fc3', 1),
	(115, 'Todd Sawforde', 'tsawforde36@blogspot.com', 'tsawforde36', '21232f297a57a5a743894a0e4a801fc3', 1),
	(116, 'Mair Waggett', 'mwaggett37@psu.edu', 'mwaggett37', '21232f297a57a5a743894a0e4a801fc3', 1),
	(117, 'Julius Strathdee', 'jstrathdee38@ted.com', 'jstrathdee38', '21232f297a57a5a743894a0e4a801fc3', 1),
	(118, 'Jeralee Drakard', 'jdrakard39@drupal.org', 'jdrakard39', '21232f297a57a5a743894a0e4a801fc3', 1),
	(119, 'Elysee Axworthy', 'eaxworthy3a@lycos.com', 'eaxworthy3a', '21232f297a57a5a743894a0e4a801fc3', 1),
	(120, 'Carroll Jaqueme', 'cjaqueme3b@scientificamerican.com', 'cjaqueme3b', '21232f297a57a5a743894a0e4a801fc3', 1),
	(121, 'Licha Salleir', 'lsalleir3c@bloomberg.com', 'lsalleir3c', '21232f297a57a5a743894a0e4a801fc3', 1),
	(122, 'Alex Macenzy', 'amacenzy3d@scientificamerican.com', 'amacenzy3d', '21232f297a57a5a743894a0e4a801fc3', 1),
	(123, 'Andrey Kevern', 'akevern3e@tuttocitta.it', 'akevern3e', '21232f297a57a5a743894a0e4a801fc3', 1),
	(124, 'Marnie Messenger', 'mmessenger3f@paypal.com', 'mmessenger3f', '21232f297a57a5a743894a0e4a801fc3', 1),
	(125, 'Rosalinda Stoyle', 'rstoyle3g@desdev.cn', 'rstoyle3g', '21232f297a57a5a743894a0e4a801fc3', 1),
	(126, 'Shelden Serrels', 'sserrels3h@w3.org', 'sserrels3h', '21232f297a57a5a743894a0e4a801fc3', 1),
	(127, 'Alano Denial', 'adenial0@smh.com.au', 'adenial0', '21232f297a57a5a743894a0e4a801fc3', 1),
	(128, 'Sanford Shearer', 'sshearer1@statcounter.com', 'sshearer1', '21232f297a57a5a743894a0e4a801fc3', 1),
	(129, 'Tedmund Foynes', 'tfoynes2@deliciousdays.com', 'tfoynes2', '21232f297a57a5a743894a0e4a801fc3', 1),
	(130, 'Elinor Seman', 'eseman3@homestead.com', 'eseman3', '21232f297a57a5a743894a0e4a801fc3', 1),
	(131, 'Davis Blasetti', 'dblasetti4@vkontakte.ru', 'dblasetti4', '21232f297a57a5a743894a0e4a801fc3', 1),
	(132, 'Lorine Buckbee', 'lbuckbee5@ezinearticles.com', 'lbuckbee5', '21232f297a57a5a743894a0e4a801fc3', 1),
	(133, 'Phelia Godball', 'pgodball6@indiatimes.com', 'pgodball6', '21232f297a57a5a743894a0e4a801fc3', 1),
	(134, 'Feodor Pillman', 'fpillman7@paypal.com', 'fpillman7', '21232f297a57a5a743894a0e4a801fc3', 1),
	(135, 'Godfry Castiglio', 'gcastiglio8@boston.com', 'gcastiglio8', '21232f297a57a5a743894a0e4a801fc3', 1),
	(136, 'Courtney Annies', 'cannies9@irs.gov', 'cannies9', '21232f297a57a5a743894a0e4a801fc3', 1),
	(137, 'Ansell Bonsul', 'abonsula@prnewswire.com', 'abonsula', '21232f297a57a5a743894a0e4a801fc3', 1),
	(138, 'Caye Rundle', 'crundleb@github.io', 'crundleb', '21232f297a57a5a743894a0e4a801fc3', 1),
	(139, 'Annette Greensted', 'agreenstedc@google.es', 'agreenstedc', '21232f297a57a5a743894a0e4a801fc3', 1),
	(140, 'Godiva Pentland', 'gpentlandd@dmoz.org', 'gpentlandd', '21232f297a57a5a743894a0e4a801fc3', 1),
	(141, 'Lindsay McCowen', 'lmccowene@latimes.com', 'lmccowene', '21232f297a57a5a743894a0e4a801fc3', 1),
	(142, 'Lettie Hourihane', 'lhourihanef@businessinsider.com', 'lhourihanef', '21232f297a57a5a743894a0e4a801fc3', 1),
	(143, 'Winni Andreaccio', 'wandreacciog@cnn.com', 'wandreacciog', '21232f297a57a5a743894a0e4a801fc3', 1),
	(144, 'Diana Van den Velden', 'dvanh@istockphoto.com', 'dvanh', '21232f297a57a5a743894a0e4a801fc3', 1),
	(145, 'Sandye Malkin', 'smalkini@cyberchimps.com', 'smalkini', '21232f297a57a5a743894a0e4a801fc3', 1),
	(146, 'Timmy McLay', 'tmclayj@businesswire.com', 'tmclayj', '21232f297a57a5a743894a0e4a801fc3', 1),
	(147, 'Jessamine Peasegood', 'jpeasegoodk@cyberchimps.com', 'jpeasegoodk', '21232f297a57a5a743894a0e4a801fc3', 1),
	(148, 'Homerus Lowrie', 'hlowriel@ning.com', 'hlowriel', '21232f297a57a5a743894a0e4a801fc3', 1),
	(149, 'Aaron Argue', 'aarguem@behance.net', 'aarguem', '21232f297a57a5a743894a0e4a801fc3', 1),
	(150, 'Sayre Ciobutaru', 'sciobutarun@cnn.com', 'sciobutarun', '21232f297a57a5a743894a0e4a801fc3', 1),
	(151, 'Winston Vondrasek', 'wvondraseko@newsvine.com', 'wvondraseko', '21232f297a57a5a743894a0e4a801fc3', 1),
	(152, 'Sigfried Suttell', 'ssuttellp@tiny.cc', 'ssuttellp', '21232f297a57a5a743894a0e4a801fc3', 1),
	(153, 'Jeremy Corke', 'jcorkeq@mayoclinic.com', 'jcorkeq', '21232f297a57a5a743894a0e4a801fc3', 1),
	(154, 'Byrle Goudie', 'bgoudier@google.co.jp', 'bgoudier', '21232f297a57a5a743894a0e4a801fc3', 1),
	(155, 'Idalia Degg', 'ideggs@weebly.com', 'ideggs', '21232f297a57a5a743894a0e4a801fc3', 1),
	(156, 'Roderick Falconar', 'rfalconart@stanford.edu', 'rfalconart', '21232f297a57a5a743894a0e4a801fc3', 1),
	(157, 'Quint Catchpole', 'qcatchpoleu@wix.com', 'qcatchpoleu', '21232f297a57a5a743894a0e4a801fc3', 1),
	(158, 'Briggs Philipet', 'bphilipetv@mit.edu', 'bphilipetv', '21232f297a57a5a743894a0e4a801fc3', 1),
	(159, 'Stephannie Cluitt', 'scluittw@bravesites.com', 'scluittw', '21232f297a57a5a743894a0e4a801fc3', 1),
	(160, 'Burt Mee', 'bmeex@wordpress.com', 'bmeex', '21232f297a57a5a743894a0e4a801fc3', 1),
	(161, 'Shanan Miners', 'sminersy@imgur.com', 'sminersy', '21232f297a57a5a743894a0e4a801fc3', 1),
	(162, 'Darin Myford', 'dmyfordz@people.com.cn', 'dmyfordz', '21232f297a57a5a743894a0e4a801fc3', 1),
	(163, 'Zane Tolley', 'ztolley10@utexas.edu', 'ztolley10', '21232f297a57a5a743894a0e4a801fc3', 1),
	(164, 'Gregor Childrens', 'gchildrens11@macromedia.com', 'gchildrens11', '21232f297a57a5a743894a0e4a801fc3', 1),
	(165, 'Anderea Featherby', 'afeatherby12@fda.gov', 'afeatherby12', '21232f297a57a5a743894a0e4a801fc3', 1),
	(166, 'Danice Audas', 'daudas13@elegantthemes.com', 'daudas13', '21232f297a57a5a743894a0e4a801fc3', 1),
	(167, 'Myrilla Death', 'mdeath14@usgs.gov', 'mdeath14', '21232f297a57a5a743894a0e4a801fc3', 1),
	(168, 'Torre Rantoull', 'trantoull15@dmoz.org', 'trantoull15', '21232f297a57a5a743894a0e4a801fc3', 1),
	(169, 'Derward McLise', 'dmclise16@cbsnews.com', 'dmclise16', '21232f297a57a5a743894a0e4a801fc3', 1),
	(170, 'Bryanty Waggatt', 'bwaggatt17@hexun.com', 'bwaggatt17', '21232f297a57a5a743894a0e4a801fc3', 1),
	(171, 'Kiri Aird', 'kaird18@nytimes.com', 'kaird18', '21232f297a57a5a743894a0e4a801fc3', 1),
	(172, 'Allyson Shurlock', 'ashurlock19@vinaora.com', 'ashurlock19', '21232f297a57a5a743894a0e4a801fc3', 1),
	(173, 'Saidee Buckhurst', 'sbuckhurst1a@chicagotribune.com', 'sbuckhurst1a', '21232f297a57a5a743894a0e4a801fc3', 1),
	(174, 'Kimberlee Kleinerman', 'kkleinerman1b@hhs.gov', 'kkleinerman1b', '21232f297a57a5a743894a0e4a801fc3', 1),
	(175, 'Aeriela Beardsell', 'abeardsell1c@miitbeian.gov.cn', 'abeardsell1c', '21232f297a57a5a743894a0e4a801fc3', 1),
	(176, 'Edie Leisman', 'eleisman1d@barnesandnoble.com', 'eleisman1d', '21232f297a57a5a743894a0e4a801fc3', 1),
	(177, 'Shae Presland', 'spresland1e@home.pl', 'spresland1e', '21232f297a57a5a743894a0e4a801fc3', 1),
	(178, 'Rice Kullmann', 'rkullmann1f@joomla.org', 'rkullmann1f', '21232f297a57a5a743894a0e4a801fc3', 1),
	(179, 'Desmond Pennick', 'dpennick1g@illinois.edu', 'dpennick1g', '21232f297a57a5a743894a0e4a801fc3', 1),
	(180, 'Adelind Cowope', 'acowope1h@reference.com', 'acowope1h', '21232f297a57a5a743894a0e4a801fc3', 1),
	(181, 'Freda Vinck', 'fvinck1i@mashable.com', 'fvinck1i', '21232f297a57a5a743894a0e4a801fc3', 1),
	(182, 'Carlee Fosdick', 'cfosdick1j@java.com', 'cfosdick1j', '21232f297a57a5a743894a0e4a801fc3', 1),
	(183, 'Forest Bartleman', 'fbartleman1k@imdb.com', 'fbartleman1k', '21232f297a57a5a743894a0e4a801fc3', 1),
	(184, 'Ody McKellen', 'omckellen1l@economist.com', 'omckellen1l', '21232f297a57a5a743894a0e4a801fc3', 1),
	(185, 'Ignazio Tierny', 'itierny1m@wikimedia.org', 'itierny1m', '21232f297a57a5a743894a0e4a801fc3', 1),
	(186, 'Margarethe Clinch', 'mclinch1n@smugmug.com', 'mclinch1n', '21232f297a57a5a743894a0e4a801fc3', 1),
	(187, 'Danette Cottrill', 'dcottrill1o@soundcloud.com', 'dcottrill1o', '21232f297a57a5a743894a0e4a801fc3', 1),
	(188, 'Vanya Alfwy', 'valfwy1p@who.int', 'valfwy1p', '21232f297a57a5a743894a0e4a801fc3', 1),
	(189, 'Biron Tenby', 'btenby1q@webs.com', 'btenby1q', '21232f297a57a5a743894a0e4a801fc3', 1),
	(190, 'Onfre Palmar', 'opalmar1r@msu.edu', 'opalmar1r', '21232f297a57a5a743894a0e4a801fc3', 1),
	(191, 'Kiel Gainseford', 'kgainseford1s@cnet.com', 'kgainseford1s', '21232f297a57a5a743894a0e4a801fc3', 1),
	(192, 'Addison Ellam', 'aellam1t@rediff.com', 'aellam1t', '21232f297a57a5a743894a0e4a801fc3', 1),
	(193, 'Roxanne Manoch', 'rmanoch1u@deviantart.com', 'rmanoch1u', '21232f297a57a5a743894a0e4a801fc3', 1),
	(194, 'Leonanie Edelheit', 'ledelheit1v@ca.gov', 'ledelheit1v', '21232f297a57a5a743894a0e4a801fc3', 1),
	(195, 'Mercedes Baitey', 'mbaitey1w@ox.ac.uk', 'mbaitey1w', '21232f297a57a5a743894a0e4a801fc3', 1),
	(196, 'Bing St. Quentin', 'bst1x@google.com', 'bst1x', '21232f297a57a5a743894a0e4a801fc3', 1),
	(197, 'Shannon Vedyashkin', 'svedyashkin1y@europa.eu', 'svedyashkin1y', '21232f297a57a5a743894a0e4a801fc3', 1),
	(198, 'Ethe Dobbin', 'edobbin1z@istockphoto.com', 'edobbin1z', '21232f297a57a5a743894a0e4a801fc3', 1),
	(199, 'Ilsa Verson', 'iverson20@forbes.com', 'iverson20', '21232f297a57a5a743894a0e4a801fc3', 1),
	(200, 'Giovanni Livermore', 'glivermore21@angelfire.com', 'glivermore21', '21232f297a57a5a743894a0e4a801fc3', 1),
	(201, 'Farr Edkins', 'fedkins22@ifeng.com', 'fedkins22', '21232f297a57a5a743894a0e4a801fc3', 1),
	(202, 'Kandy Kilgrew', 'kkilgrew23@theatlantic.com', 'kkilgrew23', '21232f297a57a5a743894a0e4a801fc3', 1),
	(203, 'Theresina Bembrick', 'tbembrick24@dailymotion.com', 'tbembrick24', '21232f297a57a5a743894a0e4a801fc3', 1),
	(204, 'Dennet Pirnie', 'dpirnie25@amazonaws.com', 'dpirnie25', '21232f297a57a5a743894a0e4a801fc3', 1),
	(205, 'Westbrook Walsom', 'wwalsom26@imageshack.us', 'wwalsom26', '21232f297a57a5a743894a0e4a801fc3', 1),
	(206, 'Brandy Cockburn', 'bcockburn27@ocn.ne.jp', 'bcockburn27', '21232f297a57a5a743894a0e4a801fc3', 1),
	(207, 'Giorgia Yeaman', 'gyeaman28@arstechnica.com', 'gyeaman28', '21232f297a57a5a743894a0e4a801fc3', 1),
	(208, 'Nevsa Popworth', 'npopworth29@discovery.com', 'npopworth29', '21232f297a57a5a743894a0e4a801fc3', 1),
	(209, 'Jan Tuxsell', 'jtuxsell2a@tiny.cc', 'jtuxsell2a', '21232f297a57a5a743894a0e4a801fc3', 1),
	(210, 'Wilburt Peert', 'wpeert2b@google.com.br', 'wpeert2b', '21232f297a57a5a743894a0e4a801fc3', 1),
	(211, 'Petronella Bellsham', 'pbellsham2c@smh.com.au', 'pbellsham2c', '21232f297a57a5a743894a0e4a801fc3', 1),
	(212, 'Jennette Yetts', 'jyetts2d@mtv.com', 'jyetts2d', '21232f297a57a5a743894a0e4a801fc3', 1),
	(213, 'Niki Gossage', 'ngossage2e@domainmarket.com', 'ngossage2e', '21232f297a57a5a743894a0e4a801fc3', 1),
	(214, 'Allyce Janson', 'ajanson2f@dagondesign.com', 'ajanson2f', '21232f297a57a5a743894a0e4a801fc3', 1),
	(215, 'Nevil Vouls', 'nvouls2g@whitehouse.gov', 'nvouls2g', '21232f297a57a5a743894a0e4a801fc3', 1),
	(216, 'Sadie Cadigan', 'scadigan2h@timesonline.co.uk', 'scadigan2h', '21232f297a57a5a743894a0e4a801fc3', 1),
	(217, 'Maxy Allone', 'mallone2i@scribd.com', 'mallone2i', '21232f297a57a5a743894a0e4a801fc3', 1),
	(218, 'Ruggiero Mardlin', 'rmardlin2j@google.com.au', 'rmardlin2j', '21232f297a57a5a743894a0e4a801fc3', 1),
	(219, 'Dolf Bruty', 'dbruty2k@comcast.net', 'dbruty2k', '21232f297a57a5a743894a0e4a801fc3', 1),
	(220, 'Rania Richardon', 'rrichardon2l@cornell.edu', 'rrichardon2l', '21232f297a57a5a743894a0e4a801fc3', 1),
	(221, 'Jeri Bubeer', 'jbubeer2m@storify.com', 'jbubeer2m', '21232f297a57a5a743894a0e4a801fc3', 1),
	(222, 'Iris Greatbank', 'igreatbank2n@soundcloud.com', 'igreatbank2n', '21232f297a57a5a743894a0e4a801fc3', 1),
	(223, 'Adriane Hans', 'ahans2o@topsy.com', 'ahans2o', '21232f297a57a5a743894a0e4a801fc3', 1),
	(224, 'Cayla Filyukov', 'cfilyukov2p@reference.com', 'cfilyukov2p', '21232f297a57a5a743894a0e4a801fc3', 1),
	(225, 'Florencia Kensy', 'fkensy2q@sciencedaily.com', 'fkensy2q', '21232f297a57a5a743894a0e4a801fc3', 1),
	(226, 'Adina Chimes', 'achimes2r@squidoo.com', 'achimes2r', '21232f297a57a5a743894a0e4a801fc3', 1),
	(227, 'Stanleigh Karpinski', 'skarpinski2s@berkeley.edu', 'skarpinski2s', '21232f297a57a5a743894a0e4a801fc3', 1),
	(228, 'Charley Hanvey', 'chanvey2t@nps.gov', 'chanvey2t', '21232f297a57a5a743894a0e4a801fc3', 1),
	(229, 'Elbertine Bodell', 'ebodell2u@jalbum.net', 'ebodell2u', '21232f297a57a5a743894a0e4a801fc3', 1),
	(230, 'Mateo Urquhart', 'murquhart2v@ted.com', 'murquhart2v', '21232f297a57a5a743894a0e4a801fc3', 1),
	(231, 'Vaughn Rouby', 'vrouby2w@washingtonpost.com', 'vrouby2w', '21232f297a57a5a743894a0e4a801fc3', 1),
	(232, 'Brier Hews', 'bhews2x@wired.com', 'bhews2x', '21232f297a57a5a743894a0e4a801fc3', 1),
	(233, 'Corella Di Frisco', 'cdi2y@51.la', 'cdi2y', '21232f297a57a5a743894a0e4a801fc3', 1),
	(234, 'Clayton Grigorini', 'cgrigorini2z@google.fr', 'cgrigorini2z', '21232f297a57a5a743894a0e4a801fc3', 1),
	(235, 'Peggie Pattenden', 'ppattenden30@chicagotribune.com', 'ppattenden30', '21232f297a57a5a743894a0e4a801fc3', 1),
	(236, 'Pippa Fairfoul', 'pfairfoul31@scribd.com', 'pfairfoul31', '21232f297a57a5a743894a0e4a801fc3', 1),
	(237, 'Annamarie Rodolico', 'arodolico32@biblegateway.com', 'arodolico32', '21232f297a57a5a743894a0e4a801fc3', 1),
	(238, 'Ashlee Rough', 'arough33@vk.com', 'arough33', '21232f297a57a5a743894a0e4a801fc3', 1),
	(239, 'Caresa MacColgan', 'cmaccolgan34@spotify.com', 'cmaccolgan34', '21232f297a57a5a743894a0e4a801fc3', 1),
	(240, 'Marc McMillian', 'mmcmillian35@angelfire.com', 'mmcmillian35', '21232f297a57a5a743894a0e4a801fc3', 1),
	(241, 'Petronilla MacAnulty', 'pmacanulty36@topsy.com', 'pmacanulty36', '21232f297a57a5a743894a0e4a801fc3', 1),
	(242, 'Jacklyn Heigl', 'jheigl37@opensource.org', 'jheigl37', '21232f297a57a5a743894a0e4a801fc3', 1),
	(243, 'Zachariah Sarll', 'zsarll38@networkadvertising.org', 'zsarll38', '21232f297a57a5a743894a0e4a801fc3', 1),
	(244, 'Corey Bilton', 'cbilton39@tmall.com', 'cbilton39', '21232f297a57a5a743894a0e4a801fc3', 1),
	(245, 'Jacquie Saltrese', 'jsaltrese3a@fastcompany.com', 'jsaltrese3a', '21232f297a57a5a743894a0e4a801fc3', 1),
	(246, 'Nanci Haddy', 'nhaddy3b@cornell.edu', 'nhaddy3b', '21232f297a57a5a743894a0e4a801fc3', 1),
	(247, 'Ramon Silverthorne', 'rsilverthorne3c@instagram.com', 'rsilverthorne3c', '21232f297a57a5a743894a0e4a801fc3', 1),
	(248, 'Beltran Kingman', 'bkingman3d@opensource.org', 'bkingman3d', '21232f297a57a5a743894a0e4a801fc3', 1),
	(249, 'Valeria Colchett', 'vcolchett3e@tumblr.com', 'vcolchett3e', '21232f297a57a5a743894a0e4a801fc3', 1),
	(250, 'Yoshiko Hebbes', 'yhebbes3f@zimbio.com', 'yhebbes3f', '21232f297a57a5a743894a0e4a801fc3', 1),
	(251, 'Noemi Dodson', 'ndodson3g@twitpic.com', 'ndodson3g', '21232f297a57a5a743894a0e4a801fc3', 1),
	(252, 'Shandeigh Labbez', 'slabbez3h@twitpic.com', 'slabbez3h', '21232f297a57a5a743894a0e4a801fc3', 1),
	(253, 'Carolynn Pfleger', 'cpfleger3i@blinklist.com', 'cpfleger3i', '21232f297a57a5a743894a0e4a801fc3', 1),
	(254, 'Marsiella Allewell', 'mallewell3j@ask.com', 'mallewell3j', '21232f297a57a5a743894a0e4a801fc3', 1),
	(255, 'Gwendolyn Osmund', 'gosmund3k@unc.edu', 'gosmund3k', '21232f297a57a5a743894a0e4a801fc3', 1),
	(256, 'Amanda Tassel', 'atassel3l@opera.com', 'atassel3l', '21232f297a57a5a743894a0e4a801fc3', 1),
	(257, 'Hildagarde Biggins', 'hbiggins3m@fotki.com', 'hbiggins3m', '21232f297a57a5a743894a0e4a801fc3', 1),
	(258, 'Moishe Cliffe', 'mcliffe3n@dyndns.org', 'mcliffe3n', '21232f297a57a5a743894a0e4a801fc3', 1),
	(259, 'Genny Fullerton', 'gfullerton3o@addtoany.com', 'gfullerton3o', '21232f297a57a5a743894a0e4a801fc3', 1),
	(260, 'Tobi Bairstow', 'tbairstow3p@nationalgeographic.com', 'tbairstow3p', '21232f297a57a5a743894a0e4a801fc3', 1),
	(261, 'Stuart Giorgioni', 'sgiorgioni3q@weebly.com', 'sgiorgioni3q', '21232f297a57a5a743894a0e4a801fc3', 1),
	(262, 'Kurt Mucklestone', 'kmucklestone3r@tripadvisor.com', 'kmucklestone3r', '21232f297a57a5a743894a0e4a801fc3', 1),
	(263, 'Deny Gomme', 'dgomme3s@irs.gov', 'dgomme3s', '21232f297a57a5a743894a0e4a801fc3', 1),
	(264, 'Codee Laslett', 'claslett3t@tinypic.com', 'claslett3t', '21232f297a57a5a743894a0e4a801fc3', 1),
	(265, 'Rowney Dunleavy', 'rdunleavy3u@engadget.com', 'rdunleavy3u', '21232f297a57a5a743894a0e4a801fc3', 1),
	(266, 'Stefa Boller', 'sboller3v@psu.edu', 'sboller3v', '21232f297a57a5a743894a0e4a801fc3', 1),
	(267, 'Hartwell Alywin', 'halywin3w@drupal.org', 'halywin3w', '21232f297a57a5a743894a0e4a801fc3', 1),
	(268, 'Sal Geroldi', 'sgeroldi3x@army.mil', 'sgeroldi3x', '21232f297a57a5a743894a0e4a801fc3', 1),
	(269, 'Loria Curnok', 'lcurnok3y@tiny.cc', 'lcurnok3y', '21232f297a57a5a743894a0e4a801fc3', 1),
	(270, 'Annabel Maryon', 'amaryon3z@economist.com', 'amaryon3z', '21232f297a57a5a743894a0e4a801fc3', 1),
	(271, 'Boyd Perrett', 'bperrett40@imgur.com', 'bperrett40', '21232f297a57a5a743894a0e4a801fc3', 1),
	(272, 'Monro Tilney', 'mtilney41@wikipedia.org', 'mtilney41', '21232f297a57a5a743894a0e4a801fc3', 1),
	(273, 'Berti Gounard', 'bgounard42@sakura.ne.jp', 'bgounard42', '21232f297a57a5a743894a0e4a801fc3', 1),
	(274, 'Renie Milbank', 'rmilbank43@homestead.com', 'rmilbank43', '21232f297a57a5a743894a0e4a801fc3', 1),
	(275, 'Decca Heynen', 'dheynen44@washington.edu', 'dheynen44', '21232f297a57a5a743894a0e4a801fc3', 1),
	(276, 'Rolph Gurton', 'rgurton45@yolasite.com', 'rgurton45', '21232f297a57a5a743894a0e4a801fc3', 1);

-- Volcando estructura para tabla sis_venta.ventas
CREATE TABLE IF NOT EXISTS `ventas` (
  `id` int(11) NOT NULL AUTO_INCREMENT,
  `id_cliente` int(11) NOT NULL,
  `total` decimal(10,2) NOT NULL,
  `id_usuario` int(11) NOT NULL,
  `fecha` timestamp NOT NULL DEFAULT current_timestamp() ON UPDATE current_timestamp(),
  PRIMARY KEY (`id`)
) ENGINE=InnoDB AUTO_INCREMENT=6 DEFAULT CHARSET=utf8mb4 COLLATE=utf8mb4_general_ci;

-- Volcando datos para la tabla sis_venta.ventas: ~3 rows (aproximadamente)
INSERT INTO `ventas` (`id`, `id_cliente`, `total`, `id_usuario`, `fecha`) VALUES
	(3, 1, 350.00, 1, '2022-09-22 13:04:09'),
	(4, 2, 159.00, 1, '2022-09-22 13:07:21'),
	(5, 1, 450.00, 1, '2022-09-22 22:22:50');

/*!40103 SET TIME_ZONE=IFNULL(@OLD_TIME_ZONE, 'system') */;
/*!40101 SET SQL_MODE=IFNULL(@OLD_SQL_MODE, '') */;
/*!40014 SET FOREIGN_KEY_CHECKS=IFNULL(@OLD_FOREIGN_KEY_CHECKS, 1) */;
/*!40101 SET CHARACTER_SET_CLIENT=@OLD_CHARACTER_SET_CLIENT */;
/*!40111 SET SQL_NOTES=IFNULL(@OLD_SQL_NOTES, 1) */;
